MatchID,Season,MatchWeek,Date,Time,HomeTeam,AwayTeam,FullTimeHomeTeamGoals,FullTimeAwayTeamGoals,FullTimeResult,HalfTimeHomeTeamGoals,HalfTimeAwayTeamGoals,HalfTimeResult,Referee,HomeTeamShots,AwayTeamShots,HomeTeamShotsOnTarget,AwayTeamShotsOnTarget,HomeTeamCorners,AwayTeamCorners,HomeTeamFouls,AwayTeamFouls,HomeTeamYellowCards,AwayTeamYellowCards,HomeTeamRedCards,AwayTeamRedCards,B365HomeTeam,B365Draw,B365AwayTeam,B365Over2.5Goals,B365Under2.5Goals,MarketMaxHomeTeam,MarketMaxDraw,MarketMaxAwayTeam,MarketAvgHomeTeam,MarketAvgDraw,MarketAvgAwayTeam,MarketMaxOver2.5Goals,MarketMaxUnder2.5Goals,MarketAvgOver2.5Goals,MarketAvgUnder2.5Goals,HomeTeamPoints,AwayTeamPoints
2023-2024_Burnley_Man City,2023-2024,1,2023-08-11,20:00,Burnley,Man City,0,3,A,0.0,2.0,A,C Pawson,6.0,17.0,1.0,8.0,6.0,5.0,11.0,8.0,0.0,0.0,1.0,0.0,8.0,5.5,1.33,1.67,2.2,9.5,5.68,1.39,9.02,5.35,1.35,1.71,2.4,1.65,2.27,0,3
2023-2024_Arsenal_Nott'm Forest,2023-2024,1,2023-08-12,12:30,Arsenal,Nott'm Forest,2,1,H,2.0,0.0,H,M Oliver,15.0,6.0,7.0,2.0,8.0,3.0,12.0,12.0,2.0,2.0,0.0,0.0,1.18,7.0,15.0,1.44,2.75,1.21,8.5,17.5,1.18,7.64,15.67,1.45,2.98,1.42,2.85,3,0
2023-2024_Bournemouth_West Ham,2023-2024,1,2023-08-12,15:00,Bournemouth,West Ham,1,1,D,0.0,0.0,D,P Bankes,14.0,16.0,5.0,3.0,10.0,4.0,9.0,14.0,1.0,4.0,0.0,0.0,2.7,3.4,2.55,1.9,2.0,2.8,3.62,2.75,2.69,3.44,2.64,1.95,2.03,1.88,1.94,1,1
2023-2024_Brighton_Luton,2023-2024,1,2023-08-12,15:00,Brighton,Luton,4,1,H,1.0,0.0,H,D Coote,27.0,9.0,12.0,3.0,6.0,7.0,11.0,12.0,2.0,2.0,0.0,0.0,1.33,5.5,9.0,1.62,2.3,1.36,6.0,10.5,1.33,5.52,9.61,1.65,2.45,1.61,2.34,3,0
2023-2024_Everton_Fulham,2023-2024,1,2023-08-12,15:00,Everton,Fulham,0,1,A,0.0,0.0,D,S Attwell,19.0,9.0,9.0,2.0,10.0,4.0,12.0,6.0,0.0,2.0,0.0,0.0,2.2,3.4,3.3,2.01,1.89,2.3,3.57,3.45,2.24,3.43,3.3,2.04,1.92,1.97,1.86,0,3
2023-2024_Sheffield United_Crystal Palace,2023-2024,1,2023-08-12,15:00,Sheffield United,Crystal Palace,0,1,A,0.0,0.0,D,J Brooks,8.0,24.0,1.0,8.0,5.0,5.0,18.0,11.0,3.0,0.0,0.0,0.0,3.0,3.3,2.38,2.2,1.67,3.31,3.42,2.48,3.12,3.24,2.41,2.28,1.74,2.21,1.68,0,3
2023-2024_Newcastle_Aston Villa,2023-2024,1,2023-08-12,17:30,Newcastle,Aston Villa,5,1,H,2.0,1.0,H,A Madley,17.0,16.0,13.0,6.0,6.0,5.0,12.0,17.0,4.0,4.0,0.0,0.0,1.75,3.75,4.6,1.73,2.1,1.8,4.1,4.9,1.76,3.88,4.61,1.82,2.15,1.76,2.09,3,0
2023-2024_Brentford_Tottenham,2023-2024,1,2023-08-13,14:00,Brentford,Tottenham,2,2,D,2.0,2.0,D,R Jones,11.0,18.0,6.0,6.0,3.0,6.0,12.0,13.0,1.0,4.0,0.0,0.0,2.75,3.4,2.45,1.73,2.1,2.85,3.83,2.6,2.73,3.63,2.5,1.76,2.25,1.7,2.18,1,1
2023-2024_Chelsea_Liverpool,2023-2024,1,2023-08-13,16:30,Chelsea,Liverpool,1,1,D,1.0,1.0,D,A Taylor,10.0,13.0,4.0,1.0,4.0,4.0,5.0,12.0,3.0,3.0,0.0,0.0,2.9,3.4,2.38,1.67,2.2,3.05,3.82,2.48,2.87,3.64,2.39,1.73,2.36,1.67,2.24,1,1
2023-2024_Man United_Wolves,2023-2024,1,2023-08-14,20:00,Man United,Wolves,1,0,H,0.0,0.0,D,S Hooper,15.0,23.0,3.0,6.0,8.0,7.0,14.0,10.0,2.0,3.0,0.0,0.0,1.33,5.5,9.0,1.62,2.3,1.34,6.0,11.0,1.31,5.65,9.85,1.64,2.47,1.6,2.38,3,0
2023-2024_Nott'm Forest_Sheffield United,2023-2024,2,2023-08-18,19:45,Nott'm Forest,Sheffield United,2,1,H,1.0,0.0,H,P Bankes,16.0,7.0,4.0,3.0,6.0,7.0,5.0,9.0,2.0,3.0,0.0,0.0,1.95,3.4,4.0,2.2,1.67,2.0,3.6,4.5,1.95,3.43,4.25,2.33,1.73,2.24,1.67,3,0
2023-2024_Fulham_Brentford,2023-2024,2,2023-08-19,15:00,Fulham,Brentford,0,3,A,0.0,1.0,A,D Bond,10.0,17.0,2.0,8.0,5.0,5.0,13.0,12.0,2.0,2.0,1.0,0.0,2.7,3.3,2.63,1.96,1.94,2.8,3.58,2.73,2.72,3.4,2.63,2.01,1.97,1.93,1.9,0,3
2023-2024_Liverpool_Bournemouth,2023-2024,2,2023-08-19,15:00,Liverpool,Bournemouth,3,1,H,2.0,1.0,H,T Bramall,26.0,13.0,10.0,5.0,10.0,2.0,11.0,13.0,1.0,3.0,1.0,0.0,1.2,7.0,13.0,1.33,3.4,1.26,7.5,13.0,1.23,6.86,11.82,1.37,3.4,1.35,3.21,3,0
2023-2024_Wolves_Brighton,2023-2024,2,2023-08-19,15:00,Wolves,Brighton,1,4,A,0.0,1.0,A,A Madley,16.0,16.0,5.0,8.0,5.0,3.0,14.0,11.0,3.0,6.0,1.0,0.0,4.0,3.8,1.85,1.73,2.1,4.25,4.0,1.97,4.0,3.81,1.89,1.8,2.18,1.74,2.12,0,3
2023-2024_Tottenham_Man United,2023-2024,2,2023-08-19,17:30,Tottenham,Man United,2,0,H,0.0,0.0,D,M Oliver,17.0,22.0,6.0,6.0,5.0,6.0,9.0,8.0,1.0,3.0,0.0,0.0,2.8,3.6,2.38,1.57,2.38,2.95,3.96,2.46,2.84,3.75,2.37,1.64,2.55,1.57,2.44,3,0
2023-2024_Man City_Newcastle,2023-2024,2,2023-08-19,20:00,Man City,Newcastle,1,0,H,1.0,0.0,H,R Jones,14.0,7.0,4.0,1.0,3.0,0.0,12.0,11.0,1.0,5.0,0.0,0.0,1.67,4.0,5.0,1.73,2.1,1.75,4.3,5.2,1.7,4.07,4.83,1.76,2.26,1.72,2.15,3,0
2023-2024_Aston Villa_Everton,2023-2024,2,2023-08-20,14:00,Aston Villa,Everton,4,0,H,2.0,0.0,H,A Taylor,13.0,9.0,7.0,2.0,7.0,6.0,8.0,12.0,3.0,4.0,0.0,0.0,1.7,4.0,4.5,1.92,1.98,1.76,4.1,5.4,1.7,3.91,5.0,1.96,2.02,1.89,1.94,3,0
2023-2024_West Ham_Chelsea,2023-2024,2,2023-08-20,16:30,West Ham,Chelsea,3,1,H,1.0,1.0,D,J Brooks,12.0,17.0,6.0,4.0,3.0,9.0,12.0,9.0,2.0,3.0,1.0,0.0,3.75,3.5,2.0,1.96,1.94,3.86,3.75,2.12,3.66,3.57,2.04,1.98,2.0,1.92,1.91,3,0
2023-2024_Crystal Palace_Arsenal,2023-2024,2,2023-08-21,20:00,Crystal Palace,Arsenal,0,1,A,0.0,0.0,D,D Coote,14.0,14.0,2.0,3.0,1.0,8.0,14.0,10.0,2.0,1.0,0.0,1.0,5.5,4.0,1.6,1.94,1.96,6.0,4.33,1.68,5.79,4.06,1.6,2.0,1.97,1.92,1.9,0,3
2023-2024_Chelsea_Luton,2023-2024,3,2023-08-25,20:00,Chelsea,Luton,3,0,H,1.0,0.0,H,R Jones,19.0,11.0,8.0,1.0,6.0,4.0,15.0,12.0,2.0,3.0,0.0,0.0,1.29,5.5,11.0,1.67,2.2,1.33,6.5,13.0,1.29,5.86,10.78,1.71,2.42,1.66,2.27,3,0
2023-2024_Bournemouth_Tottenham,2023-2024,3,2023-08-26,12:30,Bournemouth,Tottenham,0,2,A,0.0,1.0,A,T Robinson,11.0,17.0,3.0,6.0,6.0,2.0,18.0,11.0,1.0,3.0,0.0,0.0,3.8,3.75,1.91,1.53,2.5,3.95,4.1,2.05,3.67,3.94,1.95,1.59,2.6,1.55,2.47,0,3
2023-2024_Arsenal_Fulham,2023-2024,3,2023-08-26,15:00,Arsenal,Fulham,2,2,D,0.0,1.0,A,P Tierney,19.0,8.0,11.0,3.0,8.0,3.0,6.0,5.0,0.0,3.0,0.0,1.0,1.2,7.0,13.0,1.44,2.75,1.27,7.27,15.25,1.23,6.49,13.35,1.53,2.8,1.48,2.67,1,1
2023-2024_Brentford_Crystal Palace,2023-2024,3,2023-08-26,15:00,Brentford,Crystal Palace,1,1,D,1.0,0.0,H,P Bankes,12.0,15.0,1.0,5.0,8.0,6.0,9.0,15.0,0.0,0.0,0.0,0.0,2.15,3.4,3.5,2.1,1.73,2.2,3.54,3.75,2.14,3.41,3.57,2.21,1.78,2.13,1.74,1,1
2023-2024_Everton_Wolves,2023-2024,3,2023-08-26,15:00,Everton,Wolves,0,1,A,0.0,0.0,D,C Pawson,15.0,11.0,7.0,2.0,7.0,0.0,10.0,14.0,3.0,4.0,0.0,0.0,2.3,3.3,3.2,2.1,1.73,2.42,3.48,3.4,2.32,3.31,3.24,2.2,1.8,2.12,1.74,0,3
2023-2024_Man United_Nott'm Forest,2023-2024,3,2023-08-26,15:00,Man United,Nott'm Forest,3,2,H,1.0,2.0,A,S Attwell,18.0,9.0,9.0,4.0,11.0,3.0,13.0,11.0,4.0,4.0,0.0,1.0,1.3,6.0,8.0,1.5,2.63,1.34,6.2,10.0,1.31,5.79,9.23,1.55,2.63,1.52,2.56,3,0
2023-2024_Brighton_West Ham,2023-2024,3,2023-08-26,17:30,Brighton,West Ham,1,3,A,0.0,1.0,A,A Taylor,25.0,12.0,10.0,3.0,17.0,4.0,10.0,9.0,1.0,3.0,0.0,0.0,1.53,4.75,5.25,1.5,2.63,1.58,4.9,6.0,1.53,4.67,5.73,1.52,2.73,1.49,2.63,0,3
2023-2024_Burnley_Aston Villa,2023-2024,3,2023-08-27,14:00,Burnley,Aston Villa,1,3,A,0.0,2.0,A,M Salisbury,9.0,16.0,2.0,6.0,4.0,6.0,12.0,11.0,2.0,0.0,0.0,0.0,3.4,3.4,2.15,1.86,2.04,3.46,3.7,2.22,3.36,3.55,2.16,1.92,2.06,1.85,1.99,0,3
2023-2024_Sheffield United_Man City,2023-2024,3,2023-08-27,14:00,Sheffield United,Man City,1,2,A,0.0,0.0,D,J Gillett,6.0,30.0,2.0,9.0,1.0,12.0,11.0,2.0,3.0,0.0,0.0,0.0,13.0,8.0,1.17,1.57,2.38,19.5,8.6,1.21,16.67,7.51,1.18,1.62,2.5,1.57,2.41,0,3
2023-2024_Newcastle_Liverpool,2023-2024,3,2023-08-27,16:30,Newcastle,Liverpool,1,2,A,1.0,0.0,H,J Brooks,23.0,9.0,8.0,4.0,5.0,9.0,16.0,10.0,1.0,2.0,0.0,1.0,2.2,3.75,3.0,1.5,2.63,2.3,4.1,3.18,2.2,3.9,3.03,1.53,2.8,1.49,2.64,0,3
2023-2024_Luton_West Ham,2023-2024,4,2023-09-01,20:00,Luton,West Ham,1,2,A,0.0,1.0,A,P Tierney,16.0,9.0,1.0,3.0,9.0,6.0,8.0,13.0,1.0,1.0,0.0,0.0,4.75,3.8,1.73,1.87,2.03,5.0,4.2,1.78,4.7,3.94,1.74,1.87,2.1,1.82,2.03,0,3
2023-2024_Sheffield United_Everton,2023-2024,4,2023-09-02,12:30,Sheffield United,Everton,2,2,D,2.0,1.0,H,A Madley,13.0,16.0,8.0,6.0,4.0,6.0,11.0,13.0,1.0,2.0,0.0,0.0,2.9,3.25,2.5,2.2,1.67,3.15,3.36,2.59,3.01,3.23,2.5,2.36,1.72,2.26,1.66,1,1
2023-2024_Brentford_Bournemouth,2023-2024,4,2023-09-02,15:00,Brentford,Bournemouth,2,2,D,1.0,1.0,D,R Madley,21.0,12.0,7.0,5.0,5.0,2.0,6.0,13.0,1.0,2.0,0.0,0.0,1.73,3.8,4.75,1.73,2.1,1.77,4.3,4.94,1.72,4.06,4.67,1.81,2.18,1.74,2.12,1,1
2023-2024_Burnley_Tottenham,2023-2024,4,2023-09-02,15:00,Burnley,Tottenham,2,5,A,1.0,2.0,A,D England,16.0,20.0,4.0,10.0,7.0,4.0,15.0,9.0,4.0,3.0,0.0,0.0,3.6,4.0,1.85,1.62,2.3,3.99,4.2,1.93,3.83,3.99,1.88,1.68,2.4,1.64,2.31,0,3
2023-2024_Chelsea_Nott'm Forest,2023-2024,4,2023-09-02,15:00,Chelsea,Nott'm Forest,0,1,A,0.0,0.0,D,T Robinson,21.0,7.0,2.0,3.0,8.0,0.0,10.0,9.0,3.0,4.0,0.0,0.0,1.4,4.5,8.5,1.62,2.3,1.43,5.35,9.0,1.38,5.03,8.27,1.7,2.38,1.64,2.3,0,3
2023-2024_Man City_Fulham,2023-2024,4,2023-09-02,15:00,Man City,Fulham,5,1,H,2.0,1.0,H,M Oliver,7.0,6.0,5.0,4.0,4.0,5.0,12.0,12.0,2.0,4.0,0.0,0.0,1.17,8.0,15.0,1.4,3.0,1.18,9.7,22.0,1.15,8.46,17.91,1.43,3.07,1.4,2.95,3,0
2023-2024_Brighton_Newcastle,2023-2024,4,2023-09-02,17:30,Brighton,Newcastle,3,1,H,1.0,0.0,H,S Attwell,15.0,9.0,6.0,2.0,5.0,3.0,14.0,17.0,4.0,4.0,0.0,0.0,2.5,3.8,2.55,1.5,2.63,2.62,4.1,2.61,2.55,3.87,2.55,1.52,2.72,1.49,2.65,3,0
2023-2024_Crystal Palace_Wolves,2023-2024,4,2023-09-03,14:00,Crystal Palace,Wolves,3,2,H,0.0,0.0,D,R Jones,16.0,12.0,11.0,4.0,4.0,2.0,12.0,12.0,1.0,3.0,0.0,0.0,1.91,3.3,4.33,2.2,1.67,2.01,3.62,4.5,1.95,3.45,4.15,2.3,1.74,2.23,1.68,3,0
2023-2024_Liverpool_Aston Villa,2023-2024,4,2023-09-03,14:00,Liverpool,Aston Villa,3,0,H,2.0,0.0,H,S Hooper,17.0,9.0,4.0,3.0,7.0,3.0,12.0,7.0,0.0,1.0,0.0,0.0,1.65,4.5,4.5,1.4,3.0,1.71,4.7,4.9,1.66,4.49,4.57,1.44,3.07,1.41,2.94,3,0
2023-2024_Arsenal_Man United,2023-2024,4,2023-09-03,16:30,Arsenal,Man United,3,1,H,1.0,1.0,D,A Taylor,17.0,10.0,5.0,2.0,12.0,3.0,8.0,7.0,2.0,3.0,0.0,0.0,1.75,3.8,4.5,1.57,2.38,1.83,4.25,4.7,1.77,4.04,4.38,1.6,2.53,1.55,2.47,3,0
2023-2024_Wolves_Liverpool,2023-2024,5,2023-09-16,12:30,Wolves,Liverpool,1,3,A,1.0,0.0,H,M Oliver,11.0,16.0,2.0,6.0,4.0,4.0,10.0,4.0,1.0,3.0,0.0,0.0,6.0,5.0,1.45,1.44,2.75,7.5,5.25,1.51,6.64,4.95,1.45,1.52,2.75,1.48,2.66,0,3
2023-2024_Aston Villa_Crystal Palace,2023-2024,5,2023-09-16,15:00,Aston Villa,Crystal Palace,3,1,H,0.0,0.0,D,D England,16.0,6.0,5.0,3.0,4.0,2.0,13.0,9.0,5.0,3.0,0.0,0.0,1.91,3.6,4.0,1.89,2.01,1.96,3.89,4.21,1.9,3.7,4.07,1.92,2.04,1.87,1.97,3,0
2023-2024_Fulham_Luton,2023-2024,5,2023-09-16,15:00,Fulham,Luton,1,0,H,0.0,0.0,D,M Salisbury,13.0,7.0,2.0,2.0,6.0,2.0,6.0,14.0,2.0,2.0,0.0,0.0,1.67,3.75,5.5,1.89,2.01,1.73,4.2,5.5,1.68,3.96,5.18,1.93,2.04,1.88,1.96,3,0
2023-2024_Man United_Brighton,2023-2024,5,2023-09-16,15:00,Man United,Brighton,1,3,A,0.0,1.0,A,J Gillett,14.0,10.0,4.0,8.0,8.0,1.0,8.0,9.0,2.0,2.0,0.0,0.0,2.15,4.0,2.88,1.44,2.75,2.28,4.19,3.07,2.21,3.98,2.96,1.44,3.02,1.42,2.87,0,3
2023-2024_Tottenham_Sheffield United,2023-2024,5,2023-09-16,15:00,Tottenham,Sheffield United,2,1,H,0.0,0.0,D,P Bankes,28.0,7.0,10.0,5.0,15.0,2.0,13.0,14.0,6.0,5.0,0.0,1.0,1.29,5.5,11.0,1.5,2.63,1.31,6.51,12.0,1.28,6.1,10.52,1.51,2.75,1.48,2.66,3,0
2023-2024_West Ham_Man City,2023-2024,5,2023-09-16,15:00,West Ham,Man City,1,3,A,1.0,0.0,H,A Madley,6.0,29.0,3.0,15.0,4.0,11.0,7.0,11.0,3.0,2.0,0.0,0.0,7.0,4.5,1.45,1.62,2.3,7.5,4.95,1.53,6.57,4.67,1.48,1.7,2.43,1.62,2.34,0,3
2023-2024_Newcastle_Brentford,2023-2024,5,2023-09-16,17:30,Newcastle,Brentford,1,0,H,0.0,0.0,D,C Pawson,9.0,11.0,2.0,2.0,8.0,3.0,8.0,12.0,3.0,5.0,0.0,0.0,1.53,4.2,6.0,1.67,2.2,1.58,4.6,6.75,1.53,4.37,6.12,1.7,2.36,1.67,2.24,3,0
2023-2024_Bournemouth_Chelsea,2023-2024,5,2023-09-17,14:00,Bournemouth,Chelsea,0,0,D,0.0,0.0,D,D Coote,13.0,14.0,4.0,6.0,1.0,7.0,15.0,20.0,1.0,5.0,0.0,0.0,4.33,3.75,1.8,1.67,2.2,4.5,4.2,1.84,4.34,3.96,1.79,1.68,2.38,1.64,2.3,1,1
2023-2024_Everton_Arsenal,2023-2024,5,2023-09-17,16:30,Everton,Arsenal,0,1,A,0.0,0.0,D,S Hooper,8.0,13.0,1.0,4.0,1.0,11.0,12.0,10.0,1.0,1.0,0.0,0.0,6.0,4.5,1.5,1.67,2.2,6.5,4.75,1.57,6.07,4.55,1.52,1.7,2.36,1.65,2.27,0,3
2023-2024_Nott'm Forest_Burnley,2023-2024,5,2023-09-18,19:45,Nott'm Forest,Burnley,1,1,D,0.0,1.0,A,R Jones,14.0,10.0,4.0,3.0,5.0,4.0,16.0,10.0,2.0,3.0,0.0,1.0,2.2,3.5,3.25,1.92,1.98,2.31,3.65,3.41,2.24,3.51,3.22,1.98,2.01,1.91,1.92,1,1
2023-2024_Crystal Palace_Fulham,2023-2024,6,2023-09-23,15:00,Crystal Palace,Fulham,0,0,D,0.0,0.0,D,P Tierney,7.0,10.0,3.0,5.0,3.0,2.0,10.0,15.0,3.0,2.0,0.0,0.0,1.91,3.4,4.2,2.0,1.8,2.01,3.68,4.35,1.95,3.51,4.09,2.13,1.85,2.05,1.8,1,1
2023-2024_Luton_Wolves,2023-2024,6,2023-09-23,15:00,Luton,Wolves,1,1,D,0.0,0.0,D,J Smith,20.0,3.0,4.0,3.0,10.0,1.0,12.0,17.0,0.0,2.0,0.0,1.0,3.25,3.4,2.2,2.02,1.88,3.5,3.58,2.34,3.3,3.43,2.23,2.06,1.91,1.99,1.85,1,1
2023-2024_Man City_Nott'm Forest,2023-2024,6,2023-09-23,15:00,Man City,Nott'm Forest,2,0,H,2.0,0.0,H,A Taylor,7.0,10.0,4.0,3.0,6.0,6.0,5.0,17.0,3.0,7.0,1.0,0.0,1.14,8.5,15.0,1.4,3.0,1.17,9.8,21.0,1.15,8.55,18.11,1.46,3.1,1.41,2.94,3,0
2023-2024_Brentford_Everton,2023-2024,6,2023-09-23,17:30,Brentford,Everton,1,3,A,1.0,1.0,D,M Oliver,12.0,18.0,2.0,6.0,1.0,4.0,9.0,12.0,2.0,2.0,0.0,0.0,1.8,3.8,4.2,1.95,1.95,1.84,3.95,4.75,1.8,3.78,4.49,2.0,2.0,1.92,1.92,0,3
2023-2024_Burnley_Man United,2023-2024,6,2023-09-23,20:00,Burnley,Man United,0,1,A,0.0,1.0,A,T Harrington,12.0,11.0,4.0,4.0,9.0,5.0,6.0,12.0,1.0,2.0,0.0,0.0,4.2,4.2,1.73,1.62,2.3,4.6,4.4,1.8,4.31,4.16,1.75,1.66,2.43,1.61,2.36,0,3
2023-2024_Arsenal_Tottenham,2023-2024,6,2023-09-24,14:00,Arsenal,Tottenham,2,2,D,1.0,1.0,D,R Jones,13.0,13.0,6.0,5.0,11.0,4.0,12.0,19.0,3.0,4.0,0.0,0.0,1.67,4.33,4.33,1.5,2.63,1.76,4.6,4.75,1.7,4.36,4.5,1.54,2.69,1.51,2.58,1,1
2023-2024_Brighton_Bournemouth,2023-2024,6,2023-09-24,14:00,Brighton,Bournemouth,3,1,H,1.0,1.0,D,J Brooks,13.0,12.0,4.0,4.0,4.0,4.0,12.0,17.0,3.0,3.0,0.0,0.0,1.36,5.25,7.5,1.36,3.2,1.43,5.75,8.3,1.38,5.31,7.58,1.4,3.3,1.37,3.11,3,0
2023-2024_Chelsea_Aston Villa,2023-2024,6,2023-09-24,14:00,Chelsea,Aston Villa,0,1,A,0.0,0.0,D,J Gillett,10.0,15.0,4.0,7.0,5.0,11.0,9.0,11.0,2.0,3.0,0.0,0.0,1.91,3.75,3.8,1.73,2.1,1.96,4.0,4.1,1.91,3.85,3.87,1.74,2.26,1.7,2.2,0,3
2023-2024_Liverpool_West Ham,2023-2024,6,2023-09-24,14:00,Liverpool,West Ham,3,1,H,1.0,1.0,D,C Kavanagh,22.0,11.0,7.0,4.0,7.0,4.0,12.0,13.0,0.0,2.0,0.0,0.0,1.4,5.0,7.0,1.4,3.0,1.45,5.8,7.7,1.39,5.38,7.19,1.42,3.12,1.4,2.96,3,0
2023-2024_Sheffield United_Newcastle,2023-2024,6,2023-09-24,16:30,Sheffield United,Newcastle,0,8,A,0.0,3.0,A,S Attwell,9.0,22.0,1.0,15.0,2.0,6.0,12.0,8.0,3.0,0.0,0.0,0.0,7.0,4.75,1.44,1.67,2.2,7.5,5.1,1.51,7.01,4.78,1.45,1.71,2.34,1.66,2.25,0,3
2023-2024_Aston Villa_Brighton,2023-2024,7,2023-09-30,12:30,Aston Villa,Brighton,6,1,H,3.0,0.0,H,A Madley,19.0,11.0,9.0,3.0,1.0,3.0,19.0,21.0,4.0,4.0,0.0,0.0,2.55,3.75,2.55,1.44,2.75,2.65,4.11,2.65,2.56,3.92,2.55,1.45,2.98,1.43,2.84,3,0
2023-2024_Bournemouth_Arsenal,2023-2024,7,2023-09-30,15:00,Bournemouth,Arsenal,0,4,A,0.0,2.0,A,M Salisbury,8.0,15.0,1.0,8.0,6.0,6.0,11.0,10.0,0.0,1.0,0.0,0.0,5.5,4.5,1.53,1.53,2.5,6.0,4.9,1.58,5.77,4.68,1.53,1.58,2.56,1.54,2.49,0,3
2023-2024_Everton_Luton,2023-2024,7,2023-09-30,15:00,Everton,Luton,1,2,A,1.0,2.0,A,A Taylor,23.0,9.0,5.0,2.0,3.0,6.0,8.0,10.0,0.0,1.0,0.0,0.0,1.57,3.8,6.5,2.05,1.85,1.68,4.1,6.5,1.61,3.94,6.06,2.08,1.88,2.02,1.82,0,3
2023-2024_Man United_Crystal Palace,2023-2024,7,2023-09-30,15:00,Man United,Crystal Palace,0,1,A,0.0,1.0,A,C Kavanagh,19.0,8.0,4.0,2.0,10.0,4.0,10.0,8.0,3.0,2.0,0.0,0.0,1.55,4.2,5.75,1.8,2.0,1.61,4.5,6.1,1.57,4.3,5.89,1.83,2.14,1.77,2.08,0,3
2023-2024_Newcastle_Burnley,2023-2024,7,2023-09-30,15:00,Newcastle,Burnley,2,0,H,1.0,0.0,H,T Bramall,20.0,8.0,8.0,2.0,5.0,3.0,7.0,15.0,1.0,3.0,0.0,0.0,1.3,5.75,9.0,1.53,2.5,1.36,5.9,10.5,1.33,5.62,9.22,1.57,2.58,1.53,2.52,3,0
2023-2024_West Ham_Sheffield United,2023-2024,7,2023-09-30,15:00,West Ham,Sheffield United,2,0,H,2.0,0.0,H,G Scott,20.0,16.0,9.0,2.0,7.0,4.0,6.0,9.0,1.0,1.0,0.0,0.0,1.45,4.5,7.0,1.67,2.2,1.49,5.1,7.5,1.45,4.79,7.1,1.7,2.4,1.64,2.29,3,0
2023-2024_Wolves_Man City,2023-2024,7,2023-09-30,15:00,Wolves,Man City,2,1,H,1.0,0.0,H,C Pawson,3.0,23.0,1.0,8.0,0.0,6.0,18.0,12.0,5.0,4.0,0.0,0.0,8.0,5.75,1.33,1.53,2.5,10.0,6.0,1.36,9.2,5.65,1.33,1.57,2.57,1.53,2.51,3,0
2023-2024_Tottenham_Liverpool,2023-2024,7,2023-09-30,17:30,Tottenham,Liverpool,2,1,H,1.0,1.0,D,S Hooper,24.0,12.0,8.0,4.0,12.0,5.0,11.0,17.0,5.0,4.0,0.0,2.0,2.9,4.0,2.15,1.36,3.2,3.08,4.2,2.28,2.96,4.03,2.21,1.42,3.2,1.39,3.02,3,0
2023-2024_Nott'm Forest_Brentford,2023-2024,7,2023-10-01,14:00,Nott'm Forest,Brentford,1,1,D,0.0,0.0,D,P Tierney,6.0,18.0,1.0,5.0,1.0,11.0,6.0,10.0,1.0,2.0,1.0,0.0,2.75,3.1,2.7,2.1,1.73,2.89,3.46,2.75,2.81,3.27,2.65,2.17,1.81,2.09,1.76,1,1
2023-2024_Fulham_Chelsea,2023-2024,7,2023-10-02,20:00,Fulham,Chelsea,0,2,A,0.0,2.0,A,T Robinson,10.0,11.0,3.0,4.0,8.0,1.0,15.0,12.0,1.0,4.0,0.0,0.0,3.6,3.5,2.05,1.98,1.92,4.0,3.62,2.1,3.73,3.49,2.06,2.03,1.94,1.93,1.89,0,3
2023-2024_Luton_Burnley,2023-2024,7,2023-10-03,19:30,Luton,Burnley,1,2,A,0.0,1.0,A,P Bankes,18.0,14.0,3.0,4.0,7.0,6.0,14.0,6.0,4.0,2.0,0.0,0.0,2.9,3.0,2.63,2.2,1.65,3.0,3.3,2.72,2.92,3.18,2.63,2.31,1.73,2.24,1.67,0,3
2023-2024_Luton_Tottenham,2023-2024,8,2023-10-07,12:30,Luton,Tottenham,0,1,A,0.0,0.0,D,J Brooks,12.0,15.0,2.0,4.0,5.0,6.0,16.0,7.0,2.0,1.0,0.0,1.0,6.0,4.75,1.45,1.53,2.4,7.1,5.1,1.54,6.46,4.79,1.48,1.58,2.57,1.55,2.46,0,3
2023-2024_Burnley_Chelsea,2023-2024,8,2023-10-07,15:00,Burnley,Chelsea,1,4,A,1.0,1.0,D,S Attwell,10.0,9.0,3.0,5.0,7.0,3.0,11.0,8.0,2.0,4.0,0.0,0.0,4.5,3.8,1.73,1.85,2.05,4.92,4.1,1.8,4.63,3.92,1.76,1.87,2.1,1.8,2.04,0,3
2023-2024_Everton_Bournemouth,2023-2024,8,2023-10-07,15:00,Everton,Bournemouth,3,0,H,2.0,0.0,H,D Coote,25.0,11.0,8.0,4.0,8.0,7.0,14.0,15.0,1.0,2.0,0.0,0.0,1.91,3.6,3.8,1.85,2.05,2.03,3.85,3.99,1.97,3.7,3.81,1.87,2.1,1.83,2.01,3,0
2023-2024_Fulham_Sheffield United,2023-2024,8,2023-10-07,15:00,Fulham,Sheffield United,3,1,H,0.0,0.0,D,S Barrott,20.0,5.0,6.0,2.0,9.0,4.0,8.0,10.0,1.0,2.0,0.0,0.0,1.62,3.8,6.0,1.96,1.94,1.68,4.16,6.2,1.64,3.96,5.69,2.0,1.96,1.93,1.9,3,0
2023-2024_Man United_Brentford,2023-2024,8,2023-10-07,15:00,Man United,Brentford,2,1,H,0.0,1.0,A,A Madley,21.0,11.0,8.0,3.0,7.0,5.0,10.0,17.0,0.0,5.0,0.0,0.0,1.67,4.2,4.75,1.65,2.2,1.74,4.35,5.0,1.69,4.2,4.78,1.72,2.32,1.64,2.23,3,0
2023-2024_Crystal Palace_Nott'm Forest,2023-2024,8,2023-10-07,17:30,Crystal Palace,Nott'm Forest,0,0,D,0.0,0.0,D,C Pawson,8.0,16.0,2.0,5.0,3.0,7.0,7.0,12.0,0.0,1.0,0.0,0.0,2.2,3.1,3.6,2.25,1.62,2.31,3.44,3.65,2.24,3.25,3.49,2.35,1.71,2.28,1.65,1,1
2023-2024_Brighton_Liverpool,2023-2024,8,2023-10-08,14:00,Brighton,Liverpool,2,2,D,1.0,2.0,A,A Taylor,14.0,14.0,3.0,4.0,8.0,1.0,12.0,20.0,1.0,2.0,0.0,0.0,3.0,3.8,2.2,1.36,3.1,3.25,4.32,2.21,3.05,4.01,2.17,1.38,3.39,1.35,3.22,1,1
2023-2024_West Ham_Newcastle,2023-2024,8,2023-10-08,14:00,West Ham,Newcastle,2,2,D,1.0,0.0,H,P Bankes,5.0,10.0,3.0,3.0,4.0,2.0,11.0,18.0,3.0,3.0,0.0,0.0,3.2,3.75,2.1,1.7,2.1,3.47,3.84,2.2,3.32,3.72,2.13,1.79,2.21,1.72,2.15,1,1
2023-2024_Wolves_Aston Villa,2023-2024,8,2023-10-08,14:00,Wolves,Aston Villa,1,1,D,0.0,0.0,D,R Jones,8.0,18.0,3.0,4.0,2.0,10.0,19.0,9.0,2.0,2.0,1.0,0.0,3.5,3.4,2.1,1.75,2.05,3.5,3.77,2.21,3.4,3.59,2.14,1.85,2.12,1.8,2.04,1,1
2023-2024_Arsenal_Man City,2023-2024,8,2023-10-08,16:30,Arsenal,Man City,1,0,H,0.0,0.0,D,M Oliver,12.0,4.0,2.0,1.0,5.0,4.0,8.0,7.0,2.0,3.0,0.0,0.0,2.9,3.3,2.4,1.75,2.05,3.05,3.66,2.51,2.92,3.49,2.44,1.85,2.16,1.78,2.05,3,0
2023-2024_Liverpool_Everton,2023-2024,9,2023-10-21,12:30,Liverpool,Everton,2,0,H,0.0,0.0,D,C Pawson,26.0,6.0,6.0,1.0,12.0,4.0,9.0,9.0,1.0,1.0,0.0,1.0,1.33,5.75,7.5,1.4,2.88,1.4,6.0,8.8,1.36,5.66,8.01,1.43,3.07,1.41,2.92,3,0
2023-2024_Bournemouth_Wolves,2023-2024,9,2023-10-21,15:00,Bournemouth,Wolves,1,2,A,1.0,0.0,H,P Tierney,7.0,20.0,4.0,7.0,3.0,12.0,15.0,10.0,2.0,6.0,1.0,0.0,2.38,3.4,3.0,1.85,2.05,2.48,3.7,3.05,2.41,3.48,2.95,1.88,2.07,1.82,2.02,0,3
2023-2024_Brentford_Burnley,2023-2024,9,2023-10-21,15:00,Brentford,Burnley,3,0,H,1.0,0.0,H,J Smith,23.0,6.0,10.0,1.0,5.0,5.0,14.0,12.0,5.0,2.0,0.0,1.0,1.83,3.75,4.2,1.95,1.95,1.9,3.86,4.53,1.83,3.74,4.4,2.01,1.97,1.92,1.92,3,0
2023-2024_Man City_Brighton,2023-2024,9,2023-10-21,15:00,Man City,Brighton,2,1,H,2.0,0.0,H,R Jones,10.0,5.0,6.0,3.0,2.0,2.0,9.0,11.0,2.0,2.0,1.0,0.0,1.4,5.25,6.5,1.36,3.1,1.46,5.7,7.3,1.41,5.36,6.83,1.41,3.2,1.37,3.09,3,0
2023-2024_Newcastle_Crystal Palace,2023-2024,9,2023-10-21,15:00,Newcastle,Crystal Palace,4,0,H,3.0,0.0,H,T Robinson,10.0,17.0,7.0,3.0,6.0,8.0,7.0,12.0,2.0,3.0,0.0,0.0,1.45,4.5,7.0,1.85,2.05,1.5,4.8,8.0,1.46,4.53,7.44,1.87,2.1,1.82,2.03,3,0
2023-2024_Nott'm Forest_Luton,2023-2024,9,2023-10-21,15:00,Nott'm Forest,Luton,2,2,D,0.0,0.0,D,S Barrott,19.0,13.0,8.0,4.0,4.0,2.0,12.0,11.0,3.0,0.0,0.0,0.0,1.67,3.75,5.5,2.08,1.82,1.75,3.97,5.75,1.69,3.82,5.33,2.15,1.84,2.03,1.8,1,1
2023-2024_Chelsea_Arsenal,2023-2024,9,2023-10-21,17:30,Chelsea,Arsenal,2,2,D,1.0,0.0,H,C Kavanagh,11.0,13.0,5.0,3.0,2.0,7.0,7.0,14.0,3.0,3.0,0.0,0.0,3.2,3.4,2.25,1.98,1.92,3.4,3.56,2.36,3.24,3.47,2.26,2.01,1.98,1.92,1.9,1,1
2023-2024_Sheffield United_Man United,2023-2024,9,2023-10-21,20:00,Sheffield United,Man United,1,2,A,1.0,1.0,D,M Oliver,12.0,14.0,6.0,5.0,5.0,4.0,12.0,10.0,3.0,1.0,0.0,0.0,6.5,5.25,1.4,1.53,2.4,7.8,5.4,1.46,7.27,5.07,1.42,1.59,2.6,1.55,2.47,0,3
2023-2024_Aston Villa_West Ham,2023-2024,9,2023-10-22,16:30,Aston Villa,West Ham,4,1,H,1.0,0.0,H,D Coote,15.0,14.0,7.0,4.0,8.0,7.0,9.0,15.0,0.0,1.0,0.0,0.0,1.85,3.6,4.0,1.57,2.35,1.95,4.03,4.1,1.9,3.86,3.88,1.63,2.5,1.58,2.39,3,0
2023-2024_Tottenham_Fulham,2023-2024,9,2023-10-23,20:00,Tottenham,Fulham,2,0,H,1.0,0.0,H,A Taylor,15.0,10.0,5.0,3.0,3.0,5.0,10.0,14.0,2.0,0.0,0.0,0.0,1.5,4.5,6.0,1.5,2.5,1.55,5.0,6.4,1.51,4.7,5.99,1.54,2.66,1.51,2.55,3,0
2023-2024_Crystal Palace_Tottenham,2023-2024,10,2023-10-27,20:00,Crystal Palace,Tottenham,1,2,A,0.0,0.0,D,A Madley,13.0,10.0,3.0,1.0,11.0,2.0,19.0,11.0,2.0,1.0,0.0,0.0,4.5,3.75,1.75,1.94,1.96,5.0,3.95,1.83,4.64,3.83,1.79,1.99,2.08,1.89,1.96,0,3
2023-2024_Chelsea_Brentford,2023-2024,10,2023-10-28,12:30,Chelsea,Brentford,0,2,A,0.0,0.0,D,S Hooper,17.0,7.0,2.0,5.0,10.0,1.0,12.0,7.0,1.0,4.0,0.0,0.0,1.65,4.0,5.25,1.8,2.0,1.7,4.22,5.75,1.65,4.1,5.31,1.86,2.11,1.81,2.04,0,3
2023-2024_Arsenal_Sheffield United,2023-2024,10,2023-10-28,15:00,Arsenal,Sheffield United,5,0,H,1.0,0.0,H,T Robinson,13.0,2.0,8.0,0.0,6.0,1.0,9.0,13.0,0.0,3.0,0.0,0.0,1.13,8.5,19.0,1.36,3.1,1.14,11.0,26.0,1.13,9.61,21.6,1.39,3.3,1.36,3.13,3,0
2023-2024_Bournemouth_Burnley,2023-2024,10,2023-10-28,15:00,Bournemouth,Burnley,2,1,H,1.0,1.0,D,S Barrott,13.0,6.0,6.0,3.0,10.0,5.0,9.0,12.0,2.0,3.0,0.0,0.0,2.15,3.5,3.3,1.75,2.05,2.19,3.82,3.56,2.13,3.66,3.38,1.85,2.12,1.8,2.05,3,0
2023-2024_Wolves_Newcastle,2023-2024,10,2023-10-28,17:30,Wolves,Newcastle,2,2,D,1.0,2.0,A,A Taylor,11.0,13.0,6.0,5.0,8.0,7.0,13.0,15.0,1.0,4.0,0.0,0.0,4.2,4.0,1.75,1.75,2.05,4.4,4.1,1.87,4.26,3.94,1.82,1.83,2.19,1.77,2.1,1,1
2023-2024_West Ham_Everton,2023-2024,10,2023-10-29,13:00,West Ham,Everton,0,1,A,0.0,0.0,D,S Attwell,12.0,10.0,2.0,4.0,4.0,3.0,7.0,11.0,4.0,1.0,0.0,0.0,2.15,3.5,3.3,1.73,2.08,2.21,3.81,3.47,2.15,3.64,3.32,1.8,2.19,1.74,2.12,0,3
2023-2024_Aston Villa_Luton,2023-2024,10,2023-10-29,14:00,Aston Villa,Luton,3,1,H,1.0,0.0,H,J Brooks,17.0,7.0,6.0,1.0,6.0,4.0,11.0,10.0,3.0,2.0,0.0,0.0,1.25,6.5,9.5,1.48,2.6,1.31,6.5,12.0,1.28,6.19,10.79,1.54,2.69,1.51,2.59,3,0
2023-2024_Brighton_Fulham,2023-2024,10,2023-10-29,14:00,Brighton,Fulham,1,1,D,1.0,0.0,H,M Salisbury,18.0,10.0,7.0,5.0,7.0,3.0,12.0,8.0,0.0,3.0,0.0,0.0,1.55,4.2,5.5,1.5,2.5,1.62,4.8,5.75,1.56,4.6,5.42,1.56,2.68,1.5,2.59,1,1
2023-2024_Liverpool_Nott'm Forest,2023-2024,10,2023-10-29,14:00,Liverpool,Nott'm Forest,3,0,H,2.0,0.0,H,C Kavanagh,21.0,9.0,8.0,1.0,8.0,3.0,9.0,13.0,2.0,3.0,0.0,0.0,1.29,5.75,11.0,1.4,2.88,1.3,6.9,11.5,1.27,6.38,10.39,1.43,3.07,1.41,2.91,3,0
2023-2024_Man United_Man City,2023-2024,10,2023-10-29,15:30,Man United,Man City,0,3,A,0.0,1.0,A,P Tierney,7.0,21.0,3.0,10.0,7.0,12.0,9.0,4.0,4.0,1.0,0.0,0.0,5.0,3.8,1.67,1.7,2.1,5.3,4.22,1.74,4.99,4.04,1.69,1.79,2.2,1.73,2.15,0,3
2023-2024_Fulham_Man United,2023-2024,11,2023-11-04,12:30,Fulham,Man United,0,1,A,0.0,0.0,D,J Brooks,18.0,12.0,3.0,5.0,9.0,4.0,9.0,15.0,5.0,2.0,0.0,0.0,3.2,3.6,2.2,1.75,2.05,3.5,3.75,2.26,3.24,3.61,2.2,1.85,2.13,1.79,2.05,0,3
2023-2024_Brentford_West Ham,2023-2024,11,2023-11-04,15:00,Brentford,West Ham,3,2,H,1.0,2.0,A,T Bramall,16.0,12.0,4.0,2.0,4.0,3.0,12.0,14.0,1.0,4.0,0.0,0.0,2.05,3.6,3.5,1.73,2.08,2.12,3.85,3.61,2.08,3.67,3.46,1.78,2.18,1.75,2.11,3,0
2023-2024_Burnley_Crystal Palace,2023-2024,11,2023-11-04,15:00,Burnley,Crystal Palace,0,2,A,0.0,1.0,A,P Bankes,17.0,4.0,5.0,3.0,12.0,1.0,9.0,12.0,0.0,5.0,0.0,0.0,2.75,3.25,2.6,2.2,1.65,2.95,3.33,2.71,2.85,3.23,2.63,2.29,1.71,2.23,1.68,0,3
2023-2024_Everton_Brighton,2023-2024,11,2023-11-04,15:00,Everton,Brighton,1,1,D,1.0,0.0,H,T Robinson,10.0,7.0,4.0,2.0,3.0,3.0,15.0,5.0,4.0,2.0,0.0,0.0,3.1,3.6,2.2,1.57,2.35,3.17,3.98,2.25,3.09,3.81,2.2,1.62,2.48,1.59,2.41,1,1
2023-2024_Man City_Bournemouth,2023-2024,11,2023-11-04,15:00,Man City,Bournemouth,6,1,H,3.0,0.0,H,C Pawson,21.0,5.0,8.0,1.0,12.0,1.0,8.0,9.0,0.0,1.0,0.0,0.0,1.1,11.0,19.0,1.29,3.6,1.11,14.0,34.0,1.1,11.39,26.19,1.33,3.7,1.3,3.53,3,0
2023-2024_Sheffield United_Wolves,2023-2024,11,2023-11-04,15:00,Sheffield United,Wolves,2,1,H,0.0,0.0,D,R Jones,11.0,10.0,2.0,3.0,4.0,4.0,13.0,10.0,2.0,3.0,0.0,0.0,3.8,3.5,2.0,1.91,1.99,4.1,3.79,2.01,3.83,3.64,1.98,1.95,2.02,1.89,1.94,3,0
2023-2024_Newcastle_Arsenal,2023-2024,11,2023-11-04,17:30,Newcastle,Arsenal,1,0,H,0.0,0.0,D,S Attwell,9.0,14.0,2.0,1.0,0.0,11.0,14.0,9.0,5.0,1.0,0.0,0.0,2.8,3.2,2.6,1.95,1.95,2.89,3.5,2.65,2.82,3.39,2.56,2.0,1.96,1.92,1.91,3,0
2023-2024_Nott'm Forest_Aston Villa,2023-2024,11,2023-11-05,14:00,Nott'm Forest,Aston Villa,2,0,H,1.0,0.0,H,J Gillett,5.0,13.0,3.0,3.0,0.0,10.0,6.0,9.0,1.0,1.0,0.0,0.0,4.2,3.75,1.85,1.73,2.08,4.3,3.9,1.93,4.09,3.77,1.89,1.8,2.16,1.76,2.1,3,0
2023-2024_Luton_Liverpool,2023-2024,11,2023-11-05,16:30,Luton,Liverpool,1,1,D,0.0,0.0,D,A Madley,8.0,24.0,5.0,6.0,4.0,7.0,7.0,13.0,1.0,1.0,0.0,0.0,12.0,6.5,1.22,1.36,3.1,12.5,7.3,1.26,11.46,6.8,1.24,1.4,3.22,1.37,3.09,1,1
2023-2024_Tottenham_Chelsea,2023-2024,11,2023-11-06,20:00,Tottenham,Chelsea,1,4,A,1.0,1.0,D,M Oliver,8.0,17.0,5.0,8.0,1.0,6.0,12.0,21.0,1.0,5.0,2.0,0.0,2.0,3.75,3.5,1.7,2.1,2.21,3.92,3.5,2.13,3.73,3.29,1.78,2.27,1.71,2.16,0,3
2023-2024_Wolves_Tottenham,2023-2024,12,2023-11-11,12:30,Wolves,Tottenham,2,1,H,0.0,1.0,A,T Robinson,17.0,6.0,4.0,2.0,11.0,3.0,19.0,15.0,4.0,3.0,0.0,0.0,3.1,3.75,2.2,1.62,2.25,3.41,3.89,2.28,3.13,3.73,2.21,1.66,2.4,1.63,2.32,3,0
2023-2024_Arsenal_Burnley,2023-2024,12,2023-11-11,15:00,Arsenal,Burnley,3,1,H,1.0,0.0,H,M Oliver,16.0,8.0,6.0,5.0,3.0,3.0,8.0,9.0,0.0,1.0,1.0,0.0,1.18,7.0,17.0,1.48,2.6,1.22,8.1,17.0,1.19,7.34,15.07,1.54,2.68,1.49,2.62,3,0
2023-2024_Crystal Palace_Everton,2023-2024,12,2023-11-11,15:00,Crystal Palace,Everton,2,3,A,1.0,1.0,D,S Barrott,13.0,8.0,4.0,4.0,9.0,2.0,9.0,18.0,1.0,4.0,0.0,0.0,2.45,3.2,3.0,2.25,1.62,2.5,3.3,3.27,2.44,3.21,3.11,2.4,1.67,2.29,1.64,0,3
2023-2024_Man United_Luton,2023-2024,12,2023-11-11,15:00,Man United,Luton,1,0,H,0.0,0.0,D,G Scott,15.0,10.0,4.0,4.0,11.0,3.0,9.0,11.0,0.0,2.0,0.0,0.0,1.33,5.25,9.5,1.53,2.4,1.38,6.2,10.0,1.33,5.6,9.17,1.56,2.63,1.53,2.52,3,0
2023-2024_Bournemouth_Newcastle,2023-2024,12,2023-11-11,17:30,Bournemouth,Newcastle,2,0,H,0.0,0.0,D,C Kavanagh,19.0,8.0,10.0,5.0,6.0,5.0,10.0,4.0,2.0,1.0,0.0,0.0,4.75,4.0,1.73,1.7,2.1,5.0,4.2,1.78,4.67,4.03,1.73,1.74,2.3,1.69,2.2,3,0
2023-2024_Aston Villa_Fulham,2023-2024,12,2023-11-12,14:00,Aston Villa,Fulham,3,1,H,2.0,0.0,H,S Hooper,12.0,9.0,6.0,5.0,2.0,2.0,4.0,17.0,2.0,5.0,0.0,0.0,1.57,4.2,5.5,1.7,2.1,1.63,4.5,5.9,1.59,4.28,5.66,1.76,2.27,1.69,2.19,3,0
2023-2024_Brighton_Sheffield United,2023-2024,12,2023-11-12,14:00,Brighton,Sheffield United,1,1,D,1.0,0.0,H,J Brooks,11.0,9.0,6.0,1.0,6.0,3.0,13.0,16.0,3.0,2.0,1.0,0.0,1.25,5.75,13.0,1.4,2.88,1.26,7.4,13.0,1.24,6.73,11.71,1.45,3.1,1.41,2.94,1,1
2023-2024_Liverpool_Brentford,2023-2024,12,2023-11-12,14:00,Liverpool,Brentford,3,0,H,1.0,0.0,H,P Tierney,17.0,16.0,10.0,3.0,6.0,8.0,16.0,12.0,1.0,2.0,0.0,0.0,1.4,5.0,6.5,1.44,2.7,1.45,5.5,7.6,1.42,5.16,7.05,1.48,2.86,1.46,2.73,3,0
2023-2024_West Ham_Nott'm Forest,2023-2024,12,2023-11-12,14:00,West Ham,Nott'm Forest,3,2,H,1.0,1.0,D,M Salisbury,16.0,10.0,6.0,5.0,9.0,4.0,9.0,12.0,2.0,2.0,0.0,0.0,1.85,3.6,4.0,1.75,2.05,1.93,3.92,4.5,1.89,3.77,4.09,1.84,2.12,1.79,2.05,3,0
2023-2024_Chelsea_Man City,2023-2024,12,2023-11-12,16:30,Chelsea,Man City,4,4,D,2.0,2.0,D,A Taylor,17.0,15.0,9.0,10.0,3.0,3.0,12.0,15.0,5.0,3.0,0.0,0.0,5.0,3.7,1.73,1.88,2.02,5.4,3.98,1.78,4.93,3.83,1.74,1.94,2.08,1.84,2.0,1,1
2023-2024_Man City_Liverpool,2023-2024,13,2023-11-25,12:30,Man City,Liverpool,1,1,D,1.0,0.0,H,C Kavanagh,16.0,8.0,5.0,3.0,9.0,6.0,9.0,11.0,1.0,3.0,0.0,0.0,1.73,4.2,4.2,1.48,2.6,1.8,4.5,4.51,1.75,4.31,4.29,1.53,2.75,1.5,2.62,1,1
2023-2024_Burnley_West Ham,2023-2024,13,2023-11-25,15:00,Burnley,West Ham,1,2,A,0.0,0.0,D,S Barrott,11.0,11.0,5.0,3.0,4.0,5.0,11.0,7.0,1.0,3.0,0.0,0.0,3.4,3.5,2.05,1.75,2.05,3.63,3.79,2.17,3.47,3.62,2.1,1.85,2.16,1.78,2.08,0,3
2023-2024_Luton_Crystal Palace,2023-2024,13,2023-11-25,15:00,Luton,Crystal Palace,2,1,H,0.0,0.0,D,J Gillett,8.0,16.0,3.0,8.0,4.0,5.0,15.0,12.0,6.0,1.0,0.0,0.0,3.6,3.3,2.1,2.15,1.67,3.8,3.54,2.17,3.63,3.38,2.13,2.23,1.77,2.16,1.72,3,0
2023-2024_Newcastle_Chelsea,2023-2024,13,2023-11-25,15:00,Newcastle,Chelsea,4,1,H,1.0,1.0,D,S Hooper,14.0,7.0,5.0,4.0,4.0,2.0,13.0,19.0,4.0,4.0,0.0,1.0,2.55,3.5,2.63,1.86,2.04,2.72,3.66,2.76,2.62,3.5,2.68,1.9,2.07,1.84,2.01,3,0
2023-2024_Nott'm Forest_Brighton,2023-2024,13,2023-11-25,15:00,Nott'm Forest,Brighton,2,3,A,1.0,2.0,A,A Taylor,18.0,11.0,5.0,5.0,6.0,4.0,12.0,7.0,2.0,4.0,0.0,1.0,3.2,3.6,2.15,1.73,2.08,3.4,3.8,2.25,3.22,3.64,2.2,1.79,2.25,1.74,2.13,0,3
2023-2024_Sheffield United_Bournemouth,2023-2024,13,2023-11-25,15:00,Sheffield United,Bournemouth,1,3,A,0.0,2.0,A,A Madley,10.0,23.0,2.0,11.0,4.0,7.0,6.0,8.0,4.0,1.0,0.0,0.0,3.2,3.5,2.2,1.85,2.05,3.47,3.72,2.25,3.29,3.53,2.21,1.91,2.08,1.83,2.02,0,3
2023-2024_Brentford_Arsenal,2023-2024,13,2023-11-25,17:30,Brentford,Arsenal,0,1,A,0.0,0.0,D,T Robinson,9.0,15.0,3.0,4.0,1.0,8.0,9.0,7.0,1.0,1.0,0.0,0.0,4.5,3.75,1.75,1.9,2.0,5.0,4.01,1.8,4.64,3.84,1.77,1.94,2.03,1.88,1.96,0,3
2023-2024_Tottenham_Aston Villa,2023-2024,13,2023-11-26,14:00,Tottenham,Aston Villa,1,2,A,1.0,1.0,D,R Jones,18.0,15.0,8.0,5.0,9.0,3.0,11.0,13.0,0.0,4.0,0.0,0.0,2.3,3.8,2.8,1.5,2.5,2.42,4.01,2.9,2.35,3.89,2.8,1.55,2.75,1.5,2.59,0,3
2023-2024_Everton_Man United,2023-2024,13,2023-11-26,16:30,Everton,Man United,0,3,A,0.0,1.0,A,J Brooks,24.0,9.0,6.0,4.0,6.0,5.0,10.0,8.0,3.0,0.0,0.0,0.0,2.7,3.4,2.55,1.85,2.05,2.8,3.7,2.65,2.74,3.52,2.56,1.87,2.11,1.82,2.03,0,3
2023-2024_Fulham_Wolves,2023-2024,13,2023-11-27,20:00,Fulham,Wolves,3,2,H,1.0,1.0,D,M Salisbury,12.0,10.0,6.0,6.0,6.0,2.0,13.0,13.0,2.0,2.0,0.0,0.0,2.38,3.3,3.0,2.08,1.73,2.51,3.48,3.1,2.43,3.34,3.02,2.16,1.82,2.1,1.76,3,0
2023-2024_Arsenal_Wolves,2023-2024,14,2023-12-02,15:00,Arsenal,Wolves,2,1,H,2.0,0.0,H,P Bankes,19.0,6.0,6.0,3.0,4.0,0.0,10.0,10.0,1.0,2.0,0.0,0.0,1.25,5.5,12.0,1.65,2.2,1.3,6.5,12.6,1.27,5.95,11.58,1.73,2.37,1.65,2.27,3,0
2023-2024_Brentford_Luton,2023-2024,14,2023-12-02,15:00,Brentford,Luton,3,1,H,0.0,0.0,D,A Taylor,27.0,7.0,6.0,1.0,7.0,5.0,10.0,8.0,1.0,2.0,0.0,0.0,1.45,4.5,6.5,1.7,2.1,1.51,4.9,7.5,1.48,4.63,6.88,1.8,2.25,1.72,2.13,3,0
2023-2024_Burnley_Sheffield United,2023-2024,14,2023-12-02,15:00,Burnley,Sheffield United,5,0,H,2.0,0.0,H,C Kavanagh,19.0,6.0,7.0,3.0,6.0,1.0,9.0,12.0,2.0,5.0,0.0,1.0,1.8,3.6,4.5,2.06,1.84,1.89,3.82,5.0,1.83,3.68,4.55,2.1,1.89,2.0,1.84,3,0
2023-2024_Nott'm Forest_Everton,2023-2024,14,2023-12-02,17:30,Nott'm Forest,Everton,0,1,A,0.0,0.0,D,P Tierney,13.0,12.0,2.0,3.0,4.0,3.0,15.0,14.0,1.0,0.0,0.0,0.0,2.75,3.25,2.6,2.05,1.75,2.9,3.5,2.67,2.8,3.35,2.62,2.13,1.85,2.04,1.8,0,3
2023-2024_Newcastle_Man United,2023-2024,14,2023-12-02,20:00,Newcastle,Man United,1,0,H,0.0,0.0,D,R Jones,22.0,8.0,4.0,1.0,7.0,3.0,6.0,13.0,1.0,2.0,0.0,0.0,1.91,3.75,3.8,1.67,2.15,2.0,4.01,4.05,1.94,3.84,3.84,1.75,2.32,1.71,2.19,3,0
2023-2024_Bournemouth_Aston Villa,2023-2024,14,2023-12-03,14:00,Bournemouth,Aston Villa,2,2,D,1.0,1.0,D,T Bramall,15.0,11.0,7.0,3.0,7.0,7.0,16.0,12.0,5.0,3.0,0.0,0.0,3.4,4.0,1.95,1.53,2.4,3.57,4.19,2.07,3.45,4.0,2.01,1.57,2.67,1.52,2.54,1,1
2023-2024_Chelsea_Brighton,2023-2024,14,2023-12-03,14:00,Chelsea,Brighton,3,2,H,2.0,1.0,H,C Pawson,8.0,18.0,5.0,9.0,5.0,8.0,16.0,12.0,3.0,5.0,1.0,0.0,1.73,4.2,4.2,1.53,2.4,1.78,4.37,4.6,1.75,4.24,4.37,1.58,2.55,1.53,2.44,3,0
2023-2024_Liverpool_Fulham,2023-2024,14,2023-12-03,14:00,Liverpool,Fulham,4,3,H,2.0,2.0,D,S Attwell,26.0,9.0,12.0,5.0,3.0,4.0,6.0,7.0,0.0,0.0,0.0,0.0,1.25,6.5,9.0,1.4,2.88,1.29,7.2,11.5,1.26,6.62,10.56,1.43,3.07,1.41,2.93,3,0
2023-2024_West Ham_Crystal Palace,2023-2024,14,2023-12-03,14:00,West Ham,Crystal Palace,1,1,D,1.0,0.0,H,M Oliver,9.0,9.0,3.0,2.0,2.0,3.0,17.0,7.0,2.0,0.0,0.0,0.0,2.0,3.5,3.8,2.04,1.86,2.06,3.68,4.0,2.02,3.53,3.84,2.09,1.89,2.0,1.84,1,1
2023-2024_Man City_Tottenham,2023-2024,14,2023-12-03,16:30,Man City,Tottenham,3,3,D,2.0,1.0,H,S Hooper,18.0,8.0,4.0,4.0,10.0,8.0,14.0,14.0,4.0,4.0,0.0,0.0,1.29,6.0,9.0,1.36,3.1,1.34,6.5,10.5,1.3,6.18,9.27,1.38,3.33,1.36,3.14,1,1
2023-2024_Wolves_Burnley,2023-2024,15,2023-12-05,19:30,Wolves,Burnley,1,0,H,1.0,0.0,H,J Gillett,7.0,12.0,4.0,3.0,6.0,8.0,11.0,15.0,2.0,4.0,0.0,0.0,1.85,3.6,4.2,2.05,1.85,1.95,3.8,4.7,1.89,3.62,4.31,2.08,1.92,2.0,1.85,3,0
2023-2024_Luton_Arsenal,2023-2024,15,2023-12-05,20:15,Luton,Arsenal,3,4,A,1.0,2.0,A,S Barrott,6.0,23.0,4.0,9.0,3.0,8.0,14.0,7.0,2.0,1.0,0.0,0.0,17.0,7.0,1.18,1.65,2.2,17.0,7.2,1.25,14.98,6.73,1.21,1.72,2.44,1.64,2.28,0,3
2023-2024_Brighton_Brentford,2023-2024,15,2023-12-06,19:30,Brighton,Brentford,2,1,H,1.0,1.0,D,P Bankes,18.0,8.0,7.0,2.0,7.0,3.0,10.0,8.0,3.0,1.0,0.0,0.0,1.91,3.8,3.75,1.62,2.25,1.98,4.1,4.0,1.93,3.91,3.77,1.68,2.4,1.63,2.32,3,0
2023-2024_Crystal Palace_Bournemouth,2023-2024,15,2023-12-06,19:30,Crystal Palace,Bournemouth,0,2,A,0.0,1.0,A,C Pawson,16.0,11.0,3.0,4.0,3.0,9.0,10.0,17.0,1.0,3.0,0.0,0.0,2.25,3.5,3.1,2.01,1.89,2.36,3.58,3.6,2.27,3.45,3.25,2.06,1.91,1.98,1.86,0,3
2023-2024_Fulham_Nott'm Forest,2023-2024,15,2023-12-06,19:30,Fulham,Nott'm Forest,5,0,H,2.0,0.0,H,J Smith,14.0,4.0,6.0,1.0,6.0,1.0,7.0,10.0,0.0,1.0,0.0,0.0,2.0,3.4,3.75,2.06,1.84,2.14,3.64,3.95,2.05,3.49,3.78,2.12,1.87,2.05,1.81,3,0
2023-2024_Sheffield United_Liverpool,2023-2024,15,2023-12-06,19:30,Sheffield United,Liverpool,0,2,A,0.0,1.0,A,S Hooper,6.0,15.0,1.0,8.0,2.0,12.0,12.0,8.0,2.0,3.0,0.0,0.0,12.0,7.5,1.2,1.33,3.4,15.0,8.4,1.29,13.54,7.67,1.2,1.36,3.5,1.32,3.4,0,3
2023-2024_Aston Villa_Man City,2023-2024,15,2023-12-06,20:15,Aston Villa,Man City,1,0,H,0.0,0.0,D,J Brooks,22.0,2.0,7.0,2.0,6.0,0.0,13.0,13.0,2.0,2.0,0.0,0.0,4.75,4.2,1.7,1.53,2.4,4.9,4.45,1.78,4.45,4.26,1.73,1.55,2.63,1.51,2.57,3,0
2023-2024_Man United_Chelsea,2023-2024,15,2023-12-06,20:15,Man United,Chelsea,2,1,H,1.0,1.0,D,C Kavanagh,28.0,13.0,9.0,3.0,12.0,4.0,12.0,12.0,4.0,0.0,0.0,0.0,2.88,3.4,2.45,1.65,2.2,2.93,3.8,2.63,2.82,3.65,2.43,1.72,2.4,1.65,2.28,3,0
2023-2024_Everton_Newcastle,2023-2024,15,2023-12-07,19:30,Everton,Newcastle,3,0,H,0.0,0.0,D,T Robinson,21.0,13.0,6.0,3.0,5.0,2.0,18.0,8.0,3.0,0.0,0.0,0.0,3.25,3.25,2.25,1.96,1.94,3.3,3.6,2.5,3.13,3.44,2.33,1.99,1.97,1.92,1.91,3,0
2023-2024_Tottenham_West Ham,2023-2024,15,2023-12-07,20:15,Tottenham,West Ham,1,2,A,1.0,0.0,H,M Salisbury,23.0,11.0,7.0,5.0,8.0,4.0,11.0,12.0,3.0,3.0,0.0,0.0,1.75,4.2,4.2,1.5,2.5,1.85,4.5,4.25,1.79,4.22,4.08,1.53,2.7,1.5,2.61,0,3
2023-2024_Crystal Palace_Liverpool,2023-2024,16,2023-12-09,12:30,Crystal Palace,Liverpool,1,2,A,0.0,0.0,D,A Madley,8.0,14.0,4.0,2.0,6.0,5.0,17.0,17.0,5.0,2.0,1.0,0.0,6.0,4.5,1.5,1.65,2.2,6.6,4.75,1.63,6.12,4.54,1.52,1.71,2.33,1.65,2.28,0,3
2023-2024_Brighton_Burnley,2023-2024,16,2023-12-09,15:00,Brighton,Burnley,1,1,D,0.0,1.0,A,S Hooper,29.0,6.0,11.0,3.0,9.0,1.0,5.0,8.0,0.0,4.0,0.0,0.0,1.5,4.75,6.0,1.57,2.35,1.55,4.9,6.5,1.5,4.69,6.18,1.65,2.5,1.59,2.4,1,1
2023-2024_Man United_Bournemouth,2023-2024,16,2023-12-09,15:00,Man United,Bournemouth,0,3,A,0.0,1.0,A,P Bankes,20.0,10.0,3.0,4.0,10.0,4.0,7.0,10.0,3.0,1.0,0.0,0.0,1.55,4.33,5.75,1.5,2.5,1.59,4.9,6.0,1.55,4.65,5.54,1.56,2.65,1.51,2.56,0,3
2023-2024_Sheffield United_Brentford,2023-2024,16,2023-12-09,15:00,Sheffield United,Brentford,1,0,H,1.0,0.0,H,S Attwell,9.0,10.0,4.0,4.0,3.0,4.0,14.0,13.0,5.0,1.0,0.0,0.0,4.2,3.8,1.75,1.95,1.95,4.7,3.95,1.85,4.48,3.82,1.8,1.98,2.01,1.91,1.93,3,0
2023-2024_Wolves_Nott'm Forest,2023-2024,16,2023-12-09,15:00,Wolves,Nott'm Forest,1,1,D,1.0,1.0,D,S Barrott,10.0,8.0,4.0,2.0,4.0,3.0,9.0,11.0,0.0,1.0,0.0,0.0,1.85,3.6,4.33,2.06,1.84,1.91,3.82,4.6,1.87,3.64,4.34,2.08,1.9,2.0,1.83,1,1
2023-2024_Aston Villa_Arsenal,2023-2024,16,2023-12-09,17:30,Aston Villa,Arsenal,1,0,H,1.0,0.0,H,J Gillett,10.0,12.0,3.0,5.0,3.0,3.0,16.0,11.0,4.0,2.0,0.0,0.0,3.3,3.6,2.1,1.7,2.1,3.55,3.84,2.17,3.41,3.66,2.11,1.79,2.21,1.72,2.15,3,0
2023-2024_Everton_Chelsea,2023-2024,16,2023-12-10,14:00,Everton,Chelsea,2,0,H,0.0,0.0,D,M Oliver,9.0,16.0,5.0,4.0,4.0,8.0,12.0,12.0,2.0,2.0,0.0,0.0,3.1,3.5,2.25,1.75,2.05,3.15,3.75,2.41,3.02,3.59,2.31,1.84,2.13,1.78,2.05,3,0
2023-2024_Fulham_West Ham,2023-2024,16,2023-12-10,14:00,Fulham,West Ham,5,0,H,3.0,0.0,H,P Tierney,14.0,9.0,8.0,5.0,3.0,6.0,5.0,10.0,2.0,1.0,0.0,0.0,2.38,3.5,2.9,1.9,2.0,2.49,3.66,3.12,2.39,3.49,2.95,1.95,2.06,1.85,1.98,3,0
2023-2024_Luton_Man City,2023-2024,16,2023-12-10,14:00,Luton,Man City,1,2,A,1.0,0.0,H,T Robinson,4.0,18.0,2.0,6.0,6.0,3.0,16.0,6.0,2.0,1.0,0.0,0.0,17.0,8.0,1.14,1.36,3.1,22.0,11.0,1.17,18.02,8.94,1.15,1.43,3.1,1.38,2.99,0,3
2023-2024_Tottenham_Newcastle,2023-2024,16,2023-12-10,16:30,Tottenham,Newcastle,4,1,H,2.0,0.0,H,C Kavanagh,23.0,9.0,12.0,3.0,3.0,6.0,10.0,12.0,1.0,3.0,0.0,0.0,2.15,3.8,3.1,1.53,2.4,2.3,3.99,3.22,2.2,3.84,3.05,1.57,2.57,1.53,2.49,3,0
2023-2024_Nott'm Forest_Tottenham,2023-2024,17,2023-12-15,20:00,Nott'm Forest,Tottenham,0,2,A,0.0,1.0,A,J Gillett,15.0,12.0,1.0,6.0,6.0,4.0,16.0,11.0,2.0,4.0,0.0,1.0,4.2,4.2,1.73,1.62,2.25,4.88,4.3,1.78,4.52,4.13,1.74,1.68,2.42,1.63,2.32,0,3
2023-2024_Chelsea_Sheffield United,2023-2024,17,2023-12-16,15:00,Chelsea,Sheffield United,2,0,H,0.0,0.0,D,A Madley,15.0,6.0,6.0,1.0,7.0,6.0,9.0,14.0,1.0,3.0,0.0,0.0,1.22,6.5,13.0,1.5,2.5,1.28,7.1,13.5,1.24,6.49,12.28,1.55,2.67,1.52,2.54,3,0
2023-2024_Man City_Crystal Palace,2023-2024,17,2023-12-16,15:00,Man City,Crystal Palace,2,2,D,1.0,0.0,H,P Tierney,19.0,5.0,9.0,2.0,6.0,1.0,12.0,9.0,1.0,1.0,0.0,0.0,1.18,8.0,13.0,1.44,2.7,1.2,8.8,19.5,1.18,7.77,16.06,1.5,3.0,1.46,2.71,1,1
2023-2024_Newcastle_Fulham,2023-2024,17,2023-12-16,15:00,Newcastle,Fulham,3,0,H,0.0,0.0,D,S Barrott,27.0,6.0,10.0,4.0,5.0,1.0,7.0,12.0,0.0,2.0,0.0,1.0,1.8,3.8,4.0,1.7,2.1,1.92,4.05,4.22,1.87,3.91,4.03,1.77,2.23,1.72,2.16,3,0
2023-2024_Burnley_Everton,2023-2024,17,2023-12-16,17:30,Burnley,Everton,0,2,A,0.0,2.0,A,A Taylor,14.0,9.0,2.0,6.0,8.0,6.0,9.0,8.0,0.0,1.0,0.0,0.0,3.6,3.4,2.1,2.05,1.75,3.74,3.62,2.19,3.55,3.45,2.14,2.1,1.86,2.02,1.81,0,3
2023-2024_Arsenal_Brighton,2023-2024,17,2023-12-17,14:00,Arsenal,Brighton,2,0,H,0.0,0.0,D,T Robinson,26.0,6.0,9.0,1.0,10.0,1.0,11.0,9.0,1.0,3.0,0.0,0.0,1.44,5.0,6.0,1.53,2.4,1.53,5.0,7.0,1.48,4.73,6.5,1.66,2.44,1.58,2.36,3,0
2023-2024_Brentford_Aston Villa,2023-2024,17,2023-12-17,14:00,Brentford,Aston Villa,1,2,A,1.0,0.0,H,D Coote,4.0,15.0,3.0,5.0,7.0,12.0,19.0,6.0,6.0,4.0,1.0,1.0,3.2,3.75,2.1,1.7,2.1,3.5,3.85,2.23,3.26,3.71,2.16,1.77,2.26,1.69,2.18,0,3
2023-2024_West Ham_Wolves,2023-2024,17,2023-12-17,14:00,West Ham,Wolves,3,0,H,2.0,0.0,H,C Kavanagh,13.0,14.0,4.0,3.0,6.0,6.0,12.0,15.0,3.0,1.0,0.0,0.0,2.15,3.5,3.3,1.95,1.95,2.27,3.68,3.62,2.16,3.55,3.4,1.96,2.02,1.9,1.93,3,0
2023-2024_Liverpool_Man United,2023-2024,17,2023-12-17,16:30,Liverpool,Man United,0,0,D,0.0,0.0,D,M Oliver,34.0,6.0,8.0,1.0,12.0,0.0,13.0,8.0,2.0,4.0,0.0,1.0,1.3,6.0,8.0,1.33,3.4,1.42,6.55,9.5,1.32,6.09,8.5,1.35,3.52,1.32,3.39,1,1
2023-2024_Crystal Palace_Brighton,2023-2024,18,2023-12-21,20:00,Crystal Palace,Brighton,1,1,D,1.0,0.0,H,J Brooks,11.0,18.0,3.0,6.0,3.0,1.0,12.0,11.0,5.0,2.0,0.0,0.0,3.3,3.3,2.15,1.99,1.91,3.5,3.7,2.25,3.35,3.5,2.18,2.0,1.99,1.92,1.92,1,1
2023-2024_Aston Villa_Sheffield United,2023-2024,18,2023-12-22,20:00,Aston Villa,Sheffield United,1,1,D,0.0,0.0,D,A Taylor,12.0,5.0,4.0,2.0,9.0,1.0,11.0,16.0,3.0,3.0,0.0,0.0,1.22,6.5,12.0,1.44,2.7,1.28,7.3,14.0,1.24,6.67,11.7,1.51,2.92,1.46,2.74,1,1
2023-2024_West Ham_Man United,2023-2024,18,2023-12-23,12:30,West Ham,Man United,2,0,H,0.0,0.0,D,S Hooper,12.0,11.0,5.0,3.0,4.0,4.0,13.0,15.0,2.0,3.0,0.0,0.0,2.6,3.6,2.6,1.7,2.1,2.72,3.81,2.7,2.61,3.65,2.6,1.75,2.28,1.68,2.22,3,0
2023-2024_Fulham_Burnley,2023-2024,18,2023-12-23,15:00,Fulham,Burnley,0,2,A,0.0,0.0,D,R Welch,19.0,7.0,5.0,2.0,8.0,6.0,5.0,17.0,2.0,1.0,0.0,0.0,1.67,3.75,5.25,1.92,1.98,1.76,4.2,5.3,1.7,3.94,5.01,1.94,2.02,1.87,1.97,0,3
2023-2024_Luton_Newcastle,2023-2024,18,2023-12-23,15:00,Luton,Newcastle,1,0,H,1.0,0.0,H,D England,16.0,15.0,5.0,2.0,6.0,7.0,11.0,5.0,2.0,1.0,0.0,0.0,4.75,4.2,1.65,1.75,2.05,5.32,4.6,1.71,5.0,4.23,1.65,1.83,2.14,1.77,2.06,3,0
2023-2024_Nott'm Forest_Bournemouth,2023-2024,18,2023-12-23,15:00,Nott'm Forest,Bournemouth,2,3,A,0.0,0.0,D,R Jones,11.0,18.0,5.0,7.0,6.0,6.0,10.0,10.0,0.0,3.0,1.0,0.0,2.75,3.4,2.55,1.95,1.95,2.83,3.63,2.66,2.76,3.49,2.54,1.95,2.01,1.89,1.95,0,3
2023-2024_Tottenham_Everton,2023-2024,18,2023-12-23,15:00,Tottenham,Everton,2,1,H,2.0,0.0,H,S Attwell,13.0,18.0,6.0,8.0,3.0,8.0,6.0,18.0,1.0,4.0,0.0,0.0,1.75,4.2,4.0,1.53,2.4,1.87,4.4,4.34,1.8,4.16,4.08,1.58,2.55,1.54,2.48,3,0
2023-2024_Liverpool_Arsenal,2023-2024,18,2023-12-23,17:30,Liverpool,Arsenal,1,1,D,1.0,1.0,D,C Kavanagh,13.0,13.0,3.0,2.0,4.0,5.0,13.0,14.0,2.0,5.0,0.0,0.0,2.38,3.6,2.8,1.7,2.1,2.53,3.78,3.05,2.43,3.63,2.83,1.77,2.28,1.69,2.2,1,1
2023-2024_Wolves_Chelsea,2023-2024,18,2023-12-24,13:00,Wolves,Chelsea,2,1,H,0.0,0.0,D,D Coote,14.0,16.0,6.0,5.0,10.0,6.0,11.0,9.0,3.0,5.0,0.0,0.0,3.75,3.75,1.91,1.86,2.04,3.91,3.85,2.04,3.73,3.73,1.98,1.89,2.07,1.83,2.02,3,0
2023-2024_Newcastle_Nott'm Forest,2023-2024,19,2023-12-26,12:30,Newcastle,Nott'm Forest,1,3,A,1.0,1.0,D,C Kavanagh,19.0,15.0,7.0,6.0,10.0,2.0,10.0,11.0,3.0,3.0,0.0,0.0,1.5,4.33,5.75,1.8,2.0,1.56,4.6,7.0,1.51,4.41,6.57,1.88,2.09,1.78,2.02,0,3
2023-2024_Bournemouth_Fulham,2023-2024,19,2023-12-26,15:00,Bournemouth,Fulham,3,0,H,1.0,0.0,H,T Robinson,16.0,8.0,4.0,3.0,6.0,5.0,10.0,10.0,0.0,2.0,0.0,0.0,2.15,3.6,3.2,1.73,2.08,2.27,3.79,3.45,2.22,3.62,3.2,1.84,2.16,1.76,2.08,3,0
2023-2024_Sheffield United_Luton,2023-2024,19,2023-12-26,15:00,Sheffield United,Luton,2,3,A,0.0,1.0,A,S Allison,21.0,12.0,6.0,4.0,9.0,4.0,13.0,13.0,5.0,0.0,0.0,0.0,2.3,3.3,3.1,2.1,1.7,2.52,3.42,3.19,2.41,3.32,3.07,2.17,1.81,2.11,1.75,0,3
2023-2024_Burnley_Liverpool,2023-2024,19,2023-12-26,17:30,Burnley,Liverpool,0,2,A,0.0,1.0,A,P Tierney,9.0,19.0,0.0,10.0,4.0,4.0,7.0,10.0,2.0,1.0,0.0,0.0,6.5,5.25,1.4,1.44,2.7,8.5,5.75,1.43,7.67,5.3,1.39,1.48,2.8,1.45,2.73,0,3
2023-2024_Man United_Aston Villa,2023-2024,19,2023-12-26,20:00,Man United,Aston Villa,3,2,H,0.0,2.0,A,C Pawson,13.0,10.0,7.0,4.0,3.0,6.0,10.0,10.0,1.0,3.0,0.0,0.0,2.6,3.5,2.6,1.62,2.25,2.75,3.75,2.71,2.63,3.63,2.61,1.7,2.41,1.63,2.33,3,0
2023-2024_Brentford_Wolves,2023-2024,19,2023-12-27,19:30,Brentford,Wolves,1,4,A,1.0,3.0,A,A Madley,14.0,11.0,4.0,5.0,8.0,2.0,5.0,14.0,1.0,1.0,0.0,0.0,1.95,3.5,4.2,2.03,1.87,2.02,3.72,4.2,1.96,3.59,3.97,2.05,1.92,1.97,1.86,0,3
2023-2024_Chelsea_Crystal Palace,2023-2024,19,2023-12-27,19:30,Chelsea,Crystal Palace,2,1,H,1.0,1.0,D,M Salisbury,9.0,13.0,4.0,5.0,4.0,3.0,13.0,16.0,3.0,2.0,0.0,0.0,1.67,4.0,5.0,1.91,1.99,1.75,4.05,5.5,1.7,3.91,5.02,2.0,2.0,1.89,1.94,3,0
2023-2024_Everton_Man City,2023-2024,19,2023-12-27,20:15,Everton,Man City,1,3,A,1.0,0.0,H,J Brooks,7.0,23.0,2.0,9.0,8.0,4.0,13.0,5.0,4.0,2.0,0.0,0.0,5.75,4.0,1.57,1.73,2.08,6.6,4.37,1.64,5.84,4.17,1.59,1.81,2.17,1.74,2.11,0,3
2023-2024_Brighton_Tottenham,2023-2024,19,2023-12-28,19:30,Brighton,Tottenham,4,2,H,2.0,0.0,H,J Gillett,15.0,19.0,9.0,3.0,7.0,6.0,18.0,6.0,3.0,2.0,0.0,0.0,2.5,3.6,2.6,1.44,2.7,2.57,4.2,2.7,2.52,3.9,2.57,1.48,2.9,1.45,2.76,3,0
2023-2024_Arsenal_West Ham,2023-2024,19,2023-12-28,20:15,Arsenal,West Ham,0,2,A,0.0,1.0,A,M Oliver,30.0,6.0,8.0,3.0,10.0,3.0,8.0,8.0,2.0,0.0,0.0,0.0,1.33,5.5,7.5,1.57,2.35,1.39,5.8,9.5,1.35,5.39,8.64,1.65,2.5,1.58,2.4,0,3
2023-2024_Luton_Chelsea,2023-2024,20,2023-12-30,12:30,Luton,Chelsea,2,3,A,0.0,2.0,A,P Tierney,15.0,12.0,6.0,8.0,7.0,2.0,14.0,21.0,2.0,2.0,0.0,0.0,6.5,4.2,1.5,1.65,2.2,6.5,4.8,1.56,6.04,4.53,1.53,1.71,2.34,1.66,2.27,0,3
2023-2024_Aston Villa_Burnley,2023-2024,20,2023-12-30,15:00,Aston Villa,Burnley,3,2,H,2.0,1.0,H,S Attwell,19.0,9.0,7.0,5.0,6.0,2.0,9.0,14.0,4.0,1.0,0.0,1.0,1.36,5.25,7.5,1.57,2.35,1.4,5.6,8.6,1.37,5.27,8.15,1.61,2.6,1.57,2.43,3,0
2023-2024_Crystal Palace_Brentford,2023-2024,20,2023-12-30,15:00,Crystal Palace,Brentford,3,1,H,2.0,1.0,H,R Jones,13.0,9.0,6.0,4.0,7.0,4.0,14.0,10.0,0.0,1.0,0.0,0.0,2.2,3.3,3.4,2.15,1.67,2.31,3.5,3.65,2.23,3.33,3.43,2.23,1.77,2.17,1.71,3,0
2023-2024_Man City_Sheffield United,2023-2024,20,2023-12-30,15:00,Man City,Sheffield United,2,0,H,1.0,0.0,H,D Coote,18.0,4.0,4.0,2.0,12.0,2.0,5.0,6.0,1.0,1.0,0.0,0.0,1.08,11.0,29.0,1.3,3.5,1.1,17.0,37.0,1.08,12.85,29.4,1.35,3.6,1.32,3.42,3,0
2023-2024_Wolves_Everton,2023-2024,20,2023-12-30,15:00,Wolves,Everton,3,0,H,1.0,0.0,H,T Bramall,12.0,10.0,6.0,0.0,5.0,2.0,9.0,14.0,2.0,3.0,0.0,0.0,2.63,3.3,2.7,2.05,1.75,2.75,3.5,2.81,2.64,3.38,2.74,2.1,1.87,2.03,1.81,3,0
2023-2024_Nott'm Forest_Man United,2023-2024,20,2023-12-30,17:30,Nott'm Forest,Man United,2,1,H,0.0,0.0,D,T Robinson,8.0,10.0,2.0,5.0,4.0,5.0,9.0,11.0,2.0,4.0,0.0,0.0,3.2,3.6,2.15,1.73,2.08,3.41,3.85,2.21,3.27,3.68,2.16,1.82,2.17,1.76,2.1,3,0
2023-2024_Fulham_Arsenal,2023-2024,20,2023-12-31,14:00,Fulham,Arsenal,2,1,H,1.0,1.0,D,J Smith,15.0,13.0,4.0,3.0,5.0,4.0,11.0,10.0,4.0,1.0,0.0,0.0,5.25,4.5,1.55,1.73,2.08,6.2,4.5,1.62,5.74,4.29,1.57,1.83,2.16,1.76,2.1,3,0
2023-2024_Tottenham_Bournemouth,2023-2024,20,2023-12-31,14:00,Tottenham,Bournemouth,3,1,H,1.0,0.0,H,S Hooper,12.0,24.0,6.0,4.0,4.0,13.0,9.0,18.0,3.0,3.0,0.0,0.0,1.75,4.2,4.0,1.4,2.88,1.82,4.5,4.25,1.78,4.33,4.04,1.43,3.07,1.4,2.96,3,0
2023-2024_Liverpool_Newcastle,2023-2024,20,2024-01-01,20:00,Liverpool,Newcastle,4,2,H,0.0,0.0,D,A Taylor,34.0,5.0,15.0,3.0,7.0,3.0,16.0,15.0,3.0,5.0,0.0,0.0,1.45,4.5,7.0,1.44,2.7,1.51,5.2,7.2,1.46,4.88,6.56,1.48,2.95,1.45,2.78,3,0
2023-2024_West Ham_Brighton,2023-2024,20,2024-01-02,19:30,West Ham,Brighton,0,0,D,0.0,0.0,D,S Barrott,6.0,22.0,2.0,8.0,2.0,0.0,4.0,6.0,1.0,0.0,0.0,0.0,2.45,3.75,2.75,1.6,2.3,2.57,3.89,2.81,2.47,3.7,2.73,1.66,2.42,1.62,2.34,1,1
2023-2024_Burnley_Luton,2023-2024,21,2024-01-12,19:45,Burnley,Luton,1,1,D,1.0,0.0,H,T Harrington,13.0,14.0,7.0,5.0,2.0,8.0,7.0,12.0,1.0,0.0,0.0,0.0,2.0,3.6,3.6,1.99,1.91,2.09,3.75,3.9,2.03,3.58,3.74,1.99,1.96,1.92,1.88,1,1
2023-2024_Chelsea_Fulham,2023-2024,21,2024-01-13,12:30,Chelsea,Fulham,1,0,H,1.0,0.0,H,A Taylor,17.0,14.0,3.0,4.0,6.0,4.0,13.0,9.0,5.0,1.0,0.0,0.0,1.6,4.2,5.25,1.62,2.25,1.69,4.4,5.5,1.64,4.24,5.19,1.7,2.4,1.64,2.3,3,0
2023-2024_Newcastle_Man City,2023-2024,21,2024-01-13,17:30,Newcastle,Man City,2,3,A,2.0,1.0,H,C Kavanagh,12.0,27.0,5.0,11.0,3.0,13.0,7.0,7.0,1.0,2.0,0.0,0.0,5.5,4.33,1.55,1.6,2.3,5.75,4.63,1.6,5.5,4.47,1.57,1.65,2.48,1.61,2.35,0,3
2023-2024_Everton_Aston Villa,2023-2024,21,2024-01-14,14:00,Everton,Aston Villa,0,0,D,0.0,0.0,D,D Coote,10.0,16.0,2.0,5.0,4.0,5.0,13.0,14.0,1.0,4.0,0.0,0.0,2.8,3.5,2.45,1.73,2.08,2.9,3.79,2.5,2.79,3.62,2.45,1.77,2.25,1.71,2.17,1,1
2023-2024_Man United_Tottenham,2023-2024,21,2024-01-14,16:30,Man United,Tottenham,2,2,D,2.0,1.0,H,J Brooks,9.0,16.0,2.0,6.0,8.0,13.0,8.0,5.0,2.0,1.0,0.0,0.0,2.2,3.75,3.0,1.48,2.6,2.26,4.1,3.08,2.2,3.93,3.0,1.49,2.82,1.47,2.72,1,1
2023-2024_Arsenal_Crystal Palace,2023-2024,21,2024-01-20,12:30,Arsenal,Crystal Palace,5,0,H,2.0,0.0,H,P Tierney,21.0,12.0,6.0,5.0,6.0,7.0,8.0,12.0,0.0,0.0,0.0,0.0,1.3,5.75,9.0,1.73,2.08,1.31,6.2,13.0,1.29,5.74,11.19,1.81,2.18,1.75,2.1,3,0
2023-2024_Brentford_Nott'm Forest,2023-2024,21,2024-01-20,17:30,Brentford,Nott'm Forest,3,2,H,1.0,1.0,D,D England,11.0,12.0,5.0,3.0,6.0,4.0,10.0,14.0,1.0,3.0,0.0,0.0,1.91,3.6,4.0,1.86,2.04,1.94,3.93,4.36,1.9,3.72,4.06,1.9,2.1,1.84,2.0,3,0
2023-2024_Sheffield United_West Ham,2023-2024,21,2024-01-21,14:00,Sheffield United,West Ham,2,2,D,1.0,1.0,D,M Salisbury,21.0,16.0,6.0,5.0,4.0,1.0,11.0,10.0,3.0,1.0,1.0,1.0,3.4,3.3,2.2,2.05,1.75,3.52,3.53,2.23,3.43,3.43,2.18,2.2,1.85,2.05,1.79,1,1
2023-2024_Bournemouth_Liverpool,2023-2024,21,2024-01-21,16:30,Bournemouth,Liverpool,0,4,A,0.0,0.0,D,A Madley,11.0,14.0,1.0,7.0,8.0,5.0,9.0,12.0,1.0,2.0,0.0,0.0,4.2,4.5,1.7,1.44,2.7,4.5,4.5,1.77,4.38,4.37,1.71,1.51,2.75,1.47,2.68,0,3
2023-2024_Brighton_Wolves,2023-2024,21,2024-01-22,19:45,Brighton,Wolves,0,0,D,0.0,0.0,D,C Pawson,11.0,8.0,4.0,3.0,8.0,2.0,10.0,13.0,1.0,4.0,0.0,0.0,1.65,4.33,5.0,1.62,2.25,1.68,4.5,5.25,1.65,4.29,4.95,1.69,2.38,1.63,2.29,1,1
2023-2024_Nott'm Forest_Arsenal,2023-2024,22,2024-01-30,19:30,Nott'm Forest,Arsenal,1,2,A,0.0,0.0,D,S Hooper,9.0,19.0,3.0,3.0,2.0,11.0,6.0,7.0,0.0,1.0,0.0,0.0,7.5,5.0,1.4,1.62,2.25,8.6,5.3,1.43,8.12,5.09,1.39,1.69,2.36,1.65,2.29,0,3
2023-2024_Fulham_Everton,2023-2024,22,2024-01-30,19:45,Fulham,Everton,0,0,D,0.0,0.0,D,T Bramall,25.0,21.0,6.0,4.0,15.0,6.0,6.0,13.0,1.0,2.0,0.0,0.0,2.45,3.2,3.0,2.05,1.75,2.55,3.45,3.12,2.45,3.33,3.01,2.12,1.88,2.03,1.8,1,1
2023-2024_Luton_Brighton,2023-2024,22,2024-01-30,19:45,Luton,Brighton,4,0,H,3.0,0.0,H,R Jones,18.0,9.0,8.0,2.0,7.0,4.0,13.0,14.0,2.0,2.0,0.0,0.0,4.2,4.2,1.75,1.65,2.2,4.53,4.2,1.82,4.34,4.09,1.78,1.71,2.36,1.65,2.28,3,0
2023-2024_Crystal Palace_Sheffield United,2023-2024,22,2024-01-30,20:00,Crystal Palace,Sheffield United,3,2,H,2.0,2.0,D,T Harrington,12.0,9.0,4.0,5.0,11.0,1.0,8.0,18.0,1.0,4.0,0.0,0.0,1.62,3.6,6.5,2.08,1.73,1.68,3.99,6.5,1.64,3.87,5.92,2.16,1.82,2.09,1.77,3,0
2023-2024_Aston Villa_Newcastle,2023-2024,22,2024-01-30,20:15,Aston Villa,Newcastle,1,3,A,0.0,2.0,A,J Brooks,12.0,14.0,6.0,5.0,8.0,7.0,14.0,12.0,4.0,1.0,0.0,0.0,1.85,4.0,3.8,1.5,2.5,1.91,4.3,4.1,1.86,4.07,3.92,1.54,2.69,1.51,2.57,0,3
2023-2024_Man City_Burnley,2023-2024,22,2024-01-31,19:30,Man City,Burnley,3,1,H,2.0,0.0,H,S Barrott,14.0,8.0,4.0,3.0,7.0,3.0,3.0,13.0,2.0,2.0,0.0,0.0,1.08,12.0,21.0,1.33,3.4,1.12,13.0,34.0,1.1,11.19,24.13,1.36,3.45,1.34,3.31,3,0
2023-2024_Tottenham_Brentford,2023-2024,22,2024-01-31,19:30,Tottenham,Brentford,3,2,H,0.0,1.0,A,D Coote,19.0,9.0,5.0,5.0,5.0,3.0,13.0,15.0,2.0,3.0,0.0,0.0,1.67,4.2,4.75,1.5,2.5,1.74,4.5,5.25,1.67,4.34,4.75,1.53,2.69,1.5,2.59,3,0
2023-2024_Liverpool_Chelsea,2023-2024,22,2024-01-31,20:15,Liverpool,Chelsea,4,1,H,2.0,0.0,H,P Tierney,28.0,4.0,13.0,3.0,8.0,1.0,15.0,16.0,2.0,4.0,0.0,0.0,1.57,4.33,5.25,1.44,2.7,1.62,4.87,5.5,1.58,4.61,5.15,1.48,2.93,1.45,2.77,3,0
2023-2024_West Ham_Bournemouth,2023-2024,22,2024-02-01,19:30,West Ham,Bournemouth,1,1,D,0.0,1.0,A,T Robinson,9.0,9.0,3.0,4.0,1.0,5.0,13.0,11.0,1.0,3.0,0.0,0.0,2.4,3.75,2.75,1.62,2.25,2.5,3.85,2.85,2.43,3.73,2.75,1.7,2.35,1.65,2.27,1,1
2023-2024_Wolves_Man United,2023-2024,22,2024-02-01,20:15,Wolves,Man United,3,4,A,0.0,2.0,A,J Gillett,16.0,21.0,7.0,8.0,4.0,5.0,10.0,10.0,2.0,5.0,0.0,0.0,2.63,3.6,2.55,1.75,2.05,2.75,3.72,2.67,2.7,3.58,2.54,1.84,2.17,1.76,2.09,0,3
2023-2024_Everton_Tottenham,2023-2024,23,2024-02-03,12:30,Everton,Tottenham,2,2,D,1.0,2.0,A,M Oliver,14.0,9.0,5.0,6.0,9.0,5.0,8.0,14.0,3.0,0.0,0.0,0.0,3.0,3.6,2.25,1.62,2.25,3.05,3.89,2.38,2.94,3.69,2.34,1.68,2.38,1.64,2.29,1,1
2023-2024_Brighton_Crystal Palace,2023-2024,23,2024-02-03,15:00,Brighton,Crystal Palace,4,1,H,3.0,0.0,H,S Hooper,13.0,7.0,6.0,5.0,3.0,2.0,8.0,14.0,1.0,3.0,0.0,0.0,1.7,4.0,4.75,1.73,2.08,1.75,4.25,5.0,1.7,4.07,4.82,1.79,2.19,1.73,2.14,3,0
2023-2024_Burnley_Fulham,2023-2024,23,2024-02-03,15:00,Burnley,Fulham,2,2,D,0.0,2.0,A,D Bond,12.0,15.0,4.0,7.0,2.0,13.0,11.0,7.0,2.0,2.0,0.0,0.0,2.9,3.4,2.38,1.99,1.91,3.0,3.6,2.5,2.94,3.45,2.43,2.0,1.97,1.93,1.9,1,1
2023-2024_Newcastle_Luton,2023-2024,23,2024-02-03,15:00,Newcastle,Luton,4,4,D,2.0,2.0,D,T Bramall,19.0,11.0,6.0,8.0,8.0,2.0,13.0,16.0,2.0,2.0,0.0,0.0,1.44,4.75,6.5,1.57,2.35,1.47,5.2,7.5,1.43,4.97,7.02,1.65,2.5,1.58,2.43,1,1
2023-2024_Sheffield United_Aston Villa,2023-2024,23,2024-02-03,17:30,Sheffield United,Aston Villa,0,5,A,0.0,4.0,A,P Tierney,10.0,14.0,5.0,10.0,3.0,4.0,10.0,7.0,1.0,0.0,0.0,0.0,5.25,4.2,1.62,1.62,2.25,5.4,4.42,1.69,5.1,4.29,1.63,1.68,2.38,1.63,2.31,0,3
2023-2024_Bournemouth_Nott'm Forest,2023-2024,23,2024-02-04,14:00,Bournemouth,Nott'm Forest,1,1,D,1.0,1.0,D,R Welch,9.0,8.0,2.0,6.0,11.0,6.0,19.0,12.0,3.0,2.0,1.0,0.0,1.7,4.2,4.5,1.65,2.2,1.75,4.3,5.0,1.7,4.15,4.65,1.71,2.33,1.65,2.26,1,1
2023-2024_Chelsea_Wolves,2023-2024,23,2024-02-04,14:00,Chelsea,Wolves,2,4,A,1.0,2.0,A,T Robinson,15.0,14.0,6.0,7.0,10.0,1.0,15.0,11.0,3.0,2.0,0.0,0.0,1.62,4.0,5.5,1.7,2.1,1.66,4.4,5.6,1.63,4.22,5.24,1.75,2.25,1.69,2.19,0,3
2023-2024_Man United_West Ham,2023-2024,23,2024-02-04,14:00,Man United,West Ham,3,0,H,1.0,0.0,H,A Madley,12.0,22.0,5.0,3.0,5.0,8.0,10.0,5.0,0.0,1.0,0.0,0.0,1.62,4.2,5.0,1.6,2.3,1.72,4.4,5.25,1.66,4.23,4.93,1.66,2.43,1.62,2.33,3,0
2023-2024_Arsenal_Liverpool,2023-2024,23,2024-02-04,16:30,Arsenal,Liverpool,3,1,H,1.0,1.0,D,A Taylor,15.0,10.0,7.0,1.0,2.0,4.0,11.0,11.0,6.0,2.0,0.0,1.0,2.2,3.6,3.1,1.67,2.15,2.32,3.8,3.24,2.25,3.67,3.07,1.73,2.33,1.67,2.23,3,0
2023-2024_Brentford_Man City,2023-2024,23,2024-02-05,20:00,Brentford,Man City,1,3,A,1.0,1.0,D,J Gillett,9.0,25.0,3.0,15.0,8.0,13.0,2.0,4.0,1.0,0.0,0.0,0.0,7.0,4.75,1.4,1.57,2.35,7.8,5.2,1.46,7.17,4.99,1.42,1.6,2.52,1.57,2.42,0,3
2023-2024_Man City_Everton,2023-2024,24,2024-02-10,12:30,Man City,Everton,2,0,H,0.0,0.0,D,J Brooks,19.0,5.0,3.0,1.0,9.0,0.0,6.0,11.0,0.0,2.0,0.0,0.0,1.18,8.0,13.0,1.44,2.7,1.24,8.3,16.0,1.2,7.36,13.47,1.5,2.95,1.44,2.78,3,0
2023-2024_Fulham_Bournemouth,2023-2024,24,2024-02-10,15:00,Fulham,Bournemouth,3,1,H,2.0,0.0,H,D England,7.0,25.0,6.0,4.0,1.0,14.0,11.0,11.0,1.0,2.0,0.0,0.0,2.38,3.5,2.8,1.73,2.08,2.47,3.74,3.05,2.4,3.58,2.88,1.79,2.18,1.74,2.12,3,0
2023-2024_Liverpool_Burnley,2023-2024,24,2024-02-10,15:00,Liverpool,Burnley,3,1,H,1.0,1.0,D,T Robinson,25.0,9.0,10.0,4.0,9.0,3.0,11.0,13.0,3.0,2.0,0.0,0.0,1.17,8.0,17.0,1.33,3.4,1.18,9.5,18.5,1.16,8.4,15.8,1.35,3.52,1.33,3.37,3,0
2023-2024_Luton_Sheffield United,2023-2024,24,2024-02-10,15:00,Luton,Sheffield United,1,3,A,0.0,2.0,A,C Kavanagh,20.0,7.0,5.0,3.0,13.0,1.0,7.0,12.0,1.0,2.0,0.0,0.0,1.75,3.75,4.75,1.85,2.05,1.83,4.02,4.75,1.77,3.88,4.59,1.89,2.13,1.83,2.02,0,3
2023-2024_Tottenham_Brighton,2023-2024,24,2024-02-10,15:00,Tottenham,Brighton,2,1,H,0.0,1.0,A,S Barrott,16.0,6.0,6.0,3.0,9.0,6.0,14.0,13.0,2.0,3.0,0.0,0.0,1.8,4.2,3.8,1.4,2.88,1.85,4.5,4.01,1.82,4.31,3.84,1.41,3.17,1.38,3.02,3,0
2023-2024_Wolves_Brentford,2023-2024,24,2024-02-10,15:00,Wolves,Brentford,0,2,A,0.0,1.0,A,S Hooper,17.0,9.0,5.0,6.0,7.0,4.0,11.0,9.0,2.0,3.0,0.0,0.0,2.1,3.6,3.4,1.75,2.05,2.17,3.84,3.7,2.12,3.66,3.38,1.83,2.17,1.76,2.09,0,3
2023-2024_Nott'm Forest_Newcastle,2023-2024,24,2024-02-10,17:30,Nott'm Forest,Newcastle,2,3,A,2.0,2.0,D,A Taylor,13.0,7.0,3.0,5.0,4.0,4.0,9.0,6.0,1.0,2.0,0.0,0.0,3.3,3.75,2.05,1.7,2.1,3.41,3.84,2.19,3.3,3.71,2.13,1.77,2.27,1.71,2.16,0,3
2023-2024_West Ham_Arsenal,2023-2024,24,2024-02-11,14:00,West Ham,Arsenal,0,6,A,0.0,4.0,A,C Pawson,5.0,25.0,1.0,12.0,2.0,6.0,17.0,11.0,4.0,0.0,0.0,0.0,6.0,4.33,1.53,1.67,2.15,6.4,4.6,1.59,5.81,4.38,1.55,1.73,2.29,1.67,2.22,0,3
2023-2024_Aston Villa_Man United,2023-2024,24,2024-02-11,16:30,Aston Villa,Man United,1,2,A,0.0,1.0,A,R Jones,23.0,17.0,10.0,5.0,10.0,8.0,9.0,7.0,3.0,2.0,0.0,0.0,2.15,3.75,3.1,1.53,2.4,2.22,4.01,3.25,2.17,3.83,3.11,1.58,2.55,1.55,2.46,0,3
2023-2024_Crystal Palace_Chelsea,2023-2024,24,2024-02-12,20:00,Crystal Palace,Chelsea,1,3,A,1.0,0.0,H,M Oliver,13.0,14.0,4.0,5.0,1.0,7.0,14.0,7.0,2.0,2.0,0.0,0.0,4.2,3.8,1.85,1.86,2.04,4.5,3.94,1.88,4.2,3.8,1.84,1.88,2.07,1.83,2.0,0,3
2023-2024_Brentford_Liverpool,2023-2024,25,2024-02-17,12:30,Brentford,Liverpool,1,4,A,0.0,1.0,A,M Oliver,15.0,15.0,6.0,8.0,1.0,6.0,4.0,18.0,2.0,1.0,0.0,0.0,5.5,4.33,1.57,1.48,2.6,5.5,4.75,1.64,5.24,4.52,1.59,1.53,2.72,1.5,2.61,0,3
2023-2024_Burnley_Arsenal,2023-2024,25,2024-02-17,15:00,Burnley,Arsenal,0,5,A,0.0,2.0,A,J Gillett,8.0,16.0,0.0,7.0,4.0,6.0,11.0,8.0,2.0,1.0,0.0,0.0,10.0,5.75,1.29,1.57,2.35,11.0,6.1,1.34,9.94,5.73,1.31,1.65,2.46,1.6,2.37,0,3
2023-2024_Fulham_Aston Villa,2023-2024,25,2024-02-17,15:00,Fulham,Aston Villa,1,2,A,0.0,1.0,A,L Smith,15.0,12.0,4.0,3.0,4.0,4.0,11.0,6.0,5.0,2.0,0.0,0.0,2.9,3.75,2.2,1.6,2.3,3.08,3.9,2.35,2.94,3.77,2.29,1.67,2.42,1.62,2.33,0,3
2023-2024_Newcastle_Bournemouth,2023-2024,25,2024-02-17,15:00,Newcastle,Bournemouth,2,2,D,0.0,0.0,D,M Salisbury,17.0,12.0,5.0,7.0,4.0,2.0,9.0,22.0,1.0,3.0,0.0,0.0,1.83,4.2,3.75,1.48,2.6,1.9,4.27,4.01,1.85,4.16,3.83,1.5,2.79,1.47,2.68,1,1
2023-2024_Nott'm Forest_West Ham,2023-2024,25,2024-02-17,15:00,Nott'm Forest,West Ham,2,0,H,1.0,0.0,H,T Bramall,19.0,10.0,8.0,3.0,5.0,3.0,13.0,15.0,4.0,4.0,0.0,1.0,2.38,3.5,2.9,1.89,2.01,2.5,3.64,3.02,2.43,3.51,2.9,1.91,2.04,1.85,1.99,3,0
2023-2024_Tottenham_Wolves,2023-2024,25,2024-02-17,15:00,Tottenham,Wolves,1,2,A,0.0,1.0,A,A Taylor,15.0,12.0,4.0,7.0,10.0,4.0,8.0,13.0,0.0,1.0,0.0,0.0,1.53,4.75,5.25,1.44,2.7,1.58,4.9,5.6,1.55,4.75,5.37,1.45,2.98,1.43,2.82,0,3
2023-2024_Man City_Chelsea,2023-2024,25,2024-02-17,17:30,Man City,Chelsea,1,1,D,0.0,1.0,A,A Madley,31.0,9.0,5.0,6.0,12.0,1.0,7.0,12.0,1.0,3.0,0.0,0.0,1.33,5.5,8.0,1.44,2.7,1.37,6.0,9.05,1.35,5.64,8.22,1.49,2.84,1.46,2.73,1,1
2023-2024_Sheffield United_Brighton,2023-2024,25,2024-02-18,14:00,Sheffield United,Brighton,0,5,A,0.0,2.0,A,S Attwell,6.0,24.0,1.0,10.0,5.0,10.0,3.0,5.0,1.0,4.0,1.0,0.0,5.0,4.2,1.62,1.57,2.35,5.15,4.5,1.68,4.92,4.3,1.65,1.63,2.48,1.57,2.42,0,3
2023-2024_Luton_Man United,2023-2024,25,2024-02-18,16:30,Luton,Man United,1,2,A,1.0,2.0,A,D Coote,22.0,21.0,4.0,9.0,8.0,6.0,7.0,21.0,3.0,5.0,0.0,0.0,4.0,4.0,1.8,1.57,2.35,4.34,4.25,1.87,4.07,4.09,1.81,1.64,2.54,1.58,2.41,0,3
2023-2024_Everton_Crystal Palace,2023-2024,25,2024-02-19,20:00,Everton,Crystal Palace,1,1,D,0.0,0.0,D,P Tierney,19.0,10.0,4.0,4.0,3.0,6.0,8.0,12.0,0.0,2.0,0.0,0.0,1.7,3.6,5.25,2.1,1.7,1.77,3.82,5.5,1.73,3.68,5.12,2.24,1.77,2.16,1.7,1,1
2023-2024_Man City_Brentford,2023-2024,25,2024-02-20,19:30,Man City,Brentford,1,0,H,0.0,0.0,D,D England,25.0,6.0,11.0,2.0,10.0,1.0,12.0,6.0,2.0,4.0,0.0,0.0,1.18,8.0,13.0,1.33,3.4,1.19,8.9,18.0,1.18,8.12,15.16,1.37,3.4,1.34,3.26,3,0
2023-2024_Liverpool_Luton,2023-2024,25,2024-02-21,19:30,Liverpool,Luton,4,1,H,0.0,1.0,A,A Madley,29.0,12.0,13.0,3.0,13.0,4.0,15.0,14.0,1.0,4.0,0.0,0.0,1.2,7.0,13.0,1.3,3.5,1.23,8.3,15.0,1.2,7.72,13.14,1.33,3.75,1.3,3.51,3,0
2023-2024_Aston Villa_Nott'm Forest,2023-2024,26,2024-02-24,15:00,Aston Villa,Nott'm Forest,4,2,H,3.0,1.0,H,S Barrott,16.0,10.0,6.0,3.0,7.0,2.0,7.0,16.0,1.0,2.0,0.0,0.0,1.53,4.5,5.75,1.57,2.35,1.6,4.7,6.1,1.55,4.54,5.63,1.62,2.49,1.57,2.42,3,0
2023-2024_Brighton_Everton,2023-2024,26,2024-02-24,15:00,Brighton,Everton,1,1,D,0.0,0.0,D,T Harrington,23.0,6.0,7.0,3.0,11.0,3.0,9.0,14.0,2.0,3.0,1.0,0.0,1.83,3.8,4.2,1.65,2.2,1.88,4.16,4.35,1.84,3.93,4.1,1.71,2.32,1.67,2.24,1,1
2023-2024_Crystal Palace_Burnley,2023-2024,26,2024-02-24,15:00,Crystal Palace,Burnley,3,0,H,0.0,0.0,D,L Smith,15.0,2.0,6.0,0.0,12.0,3.0,8.0,13.0,3.0,1.0,0.0,1.0,1.95,3.5,4.0,2.1,1.7,2.06,3.6,4.1,2.01,3.46,3.92,2.2,1.79,2.12,1.74,3,0
2023-2024_Man United_Fulham,2023-2024,26,2024-02-24,15:00,Man United,Fulham,1,2,A,0.0,0.0,D,M Oliver,21.0,17.0,9.0,5.0,10.0,9.0,6.0,11.0,2.0,5.0,0.0,0.0,1.57,4.33,5.5,1.57,2.35,1.63,4.6,5.6,1.58,4.47,5.33,1.63,2.5,1.57,2.43,0,3
2023-2024_Bournemouth_Man City,2023-2024,26,2024-02-24,17:30,Bournemouth,Man City,0,1,A,0.0,1.0,A,J Gillett,13.0,15.0,4.0,6.0,3.0,8.0,14.0,6.0,2.0,2.0,0.0,0.0,7.0,5.25,1.4,1.48,2.6,7.5,5.5,1.46,6.96,5.16,1.42,1.54,2.8,1.49,2.64,0,3
2023-2024_Arsenal_Newcastle,2023-2024,26,2024-02-24,20:00,Arsenal,Newcastle,4,1,H,2.0,0.0,H,P Tierney,18.0,3.0,8.0,2.0,9.0,0.0,15.0,6.0,1.0,0.0,0.0,0.0,1.36,5.25,8.0,1.48,2.6,1.42,5.53,8.0,1.38,5.34,7.53,1.53,2.78,1.48,2.67,3,0
2023-2024_Wolves_Sheffield United,2023-2024,26,2024-02-25,13:30,Wolves,Sheffield United,1,0,H,1.0,0.0,H,D Bond,13.0,12.0,2.0,4.0,5.0,6.0,8.0,4.0,2.0,1.0,0.0,0.0,1.44,4.75,7.0,1.65,2.2,1.5,4.9,7.5,1.46,4.69,6.86,1.72,2.34,1.66,2.26,3,0
2023-2024_West Ham_Brentford,2023-2024,26,2024-02-26,20:00,West Ham,Brentford,4,2,H,2.0,1.0,H,S Hooper,17.0,14.0,6.0,8.0,1.0,7.0,5.0,9.0,1.0,2.0,0.0,0.0,2.5,3.5,2.75,1.7,2.1,2.61,3.76,2.85,2.5,3.6,2.73,1.77,2.22,1.72,2.12,3,0
2023-2024_Brentford_Chelsea,2023-2024,27,2024-03-02,15:00,Brentford,Chelsea,2,2,D,0.0,1.0,A,J Gillett,14.0,17.0,5.0,6.0,0.0,6.0,10.0,9.0,3.0,1.0,0.0,0.0,3.1,3.75,2.15,1.53,2.4,3.2,4.0,2.23,3.07,3.86,2.19,1.58,2.55,1.54,2.48,1,1
2023-2024_Everton_West Ham,2023-2024,27,2024-03-02,15:00,Everton,West Ham,1,3,A,0.0,0.0,D,C Pawson,22.0,12.0,11.0,5.0,4.0,5.0,9.0,6.0,1.0,2.0,0.0,0.0,2.05,3.6,3.5,1.92,1.98,2.14,3.72,3.67,2.09,3.57,3.52,1.95,2.01,1.87,1.95,0,3
2023-2024_Fulham_Brighton,2023-2024,27,2024-03-02,15:00,Fulham,Brighton,3,0,H,2.0,0.0,H,S Hooper,12.0,15.0,5.0,5.0,2.0,6.0,16.0,10.0,1.0,2.0,0.0,0.0,2.55,3.6,2.63,1.62,2.25,2.65,3.85,2.71,2.59,3.64,2.62,1.69,2.38,1.64,2.31,3,0
2023-2024_Newcastle_Wolves,2023-2024,27,2024-03-02,15:00,Newcastle,Wolves,3,0,H,2.0,0.0,H,T Robinson,14.0,12.0,7.0,3.0,3.0,5.0,8.0,11.0,0.0,1.0,0.0,0.0,1.91,4.0,3.6,1.57,2.35,1.94,4.1,4.04,1.9,3.95,3.8,1.65,2.45,1.59,2.39,3,0
2023-2024_Nott'm Forest_Liverpool,2023-2024,27,2024-03-02,15:00,Nott'm Forest,Liverpool,0,1,A,0.0,0.0,D,P Tierney,8.0,22.0,2.0,2.0,3.0,12.0,11.0,12.0,2.0,2.0,0.0,0.0,6.0,4.33,1.53,1.48,2.6,6.1,4.85,1.58,5.63,4.67,1.54,1.52,2.73,1.48,2.65,0,3
2023-2024_Tottenham_Crystal Palace,2023-2024,27,2024-03-02,15:00,Tottenham,Crystal Palace,3,1,H,0.0,0.0,D,J Brooks,14.0,4.0,6.0,1.0,11.0,1.0,7.0,16.0,1.0,2.0,0.0,0.0,1.5,4.33,6.5,1.53,2.4,1.55,5.0,7.5,1.49,4.66,6.26,1.55,2.61,1.52,2.48,3,0
2023-2024_Luton_Aston Villa,2023-2024,27,2024-03-02,17:30,Luton,Aston Villa,2,3,A,0.0,2.0,A,M Oliver,13.0,12.0,5.0,8.0,8.0,6.0,8.0,19.0,1.0,4.0,0.0,0.0,4.33,4.2,1.73,1.44,2.7,4.5,4.5,1.78,4.29,4.3,1.74,1.48,2.86,1.46,2.73,0,3
2023-2024_Burnley_Bournemouth,2023-2024,27,2024-03-03,13:00,Burnley,Bournemouth,0,2,A,0.0,1.0,A,D Coote,20.0,10.0,6.0,3.0,7.0,2.0,8.0,13.0,2.0,4.0,0.0,0.0,3.75,3.6,1.95,1.7,2.1,3.89,3.93,2.02,3.72,3.78,1.96,1.76,2.28,1.71,2.18,0,3
2023-2024_Man City_Man United,2023-2024,27,2024-03-03,15:30,Man City,Man United,3,1,H,0.0,1.0,A,A Madley,27.0,3.0,8.0,1.0,15.0,2.0,5.0,10.0,0.0,1.0,0.0,0.0,1.25,5.75,11.0,1.36,3.1,1.29,6.72,11.3,1.27,6.33,10.06,1.41,3.17,1.38,3.04,3,0
2023-2024_Sheffield United_Arsenal,2023-2024,27,2024-03-04,20:00,Sheffield United,Arsenal,0,6,A,0.0,5.0,A,S Barrott,4.0,22.0,0.0,10.0,0.0,7.0,11.0,4.0,1.0,0.0,0.0,0.0,17.0,7.0,1.18,1.4,2.88,19.0,8.6,1.19,16.28,7.82,1.17,1.46,3.0,1.42,2.85,0,3
2023-2024_Man United_Everton,2023-2024,28,2024-03-09,12:30,Man United,Everton,2,0,H,2.0,0.0,H,S Hooper,15.0,23.0,8.0,6.0,5.0,8.0,13.0,11.0,1.0,2.0,0.0,0.0,1.83,3.6,4.0,1.67,2.15,1.94,4.05,4.4,1.85,3.89,4.09,1.74,2.29,1.68,2.23,3,0
2023-2024_Bournemouth_Sheffield United,2023-2024,28,2024-03-09,15:00,Bournemouth,Sheffield United,2,2,D,0.0,1.0,A,A Taylor,32.0,13.0,12.0,9.0,10.0,3.0,12.0,11.0,3.0,5.0,0.0,0.0,1.33,5.25,8.0,1.53,2.4,1.38,5.8,9.4,1.34,5.51,8.58,1.58,2.63,1.53,2.52,1,1
2023-2024_Crystal Palace_Luton,2023-2024,28,2024-03-09,15:00,Crystal Palace,Luton,1,1,D,1.0,0.0,H,S Singh,21.0,8.0,4.0,2.0,8.0,6.0,20.0,11.0,2.0,3.0,0.0,0.0,1.75,3.8,4.2,1.75,2.05,1.83,4.02,4.7,1.78,3.89,4.49,1.85,2.11,1.79,2.05,1,1
2023-2024_Wolves_Fulham,2023-2024,28,2024-03-09,15:00,Wolves,Fulham,2,1,H,0.0,0.0,D,T Harrington,8.0,23.0,3.0,6.0,3.0,4.0,7.0,11.0,2.0,2.0,0.0,0.0,2.5,3.4,2.75,1.95,1.95,2.63,3.62,2.92,2.54,3.45,2.79,1.95,2.0,1.9,1.94,3,0
2023-2024_Arsenal_Brentford,2023-2024,28,2024-03-09,17:30,Arsenal,Brentford,2,1,H,1.0,1.0,D,R Jones,17.0,9.0,6.0,4.0,10.0,4.0,9.0,10.0,2.0,4.0,0.0,0.0,1.22,7.0,11.0,1.44,2.7,1.27,7.3,14.0,1.23,6.84,12.02,1.48,2.86,1.44,2.78,3,0
2023-2024_Aston Villa_Tottenham,2023-2024,28,2024-03-10,13:00,Aston Villa,Tottenham,0,4,A,0.0,0.0,D,C Kavanagh,10.0,9.0,1.0,5.0,6.0,4.0,11.0,15.0,0.0,2.0,1.0,0.0,2.38,4.0,2.6,1.36,3.1,2.49,4.26,2.7,2.42,4.08,2.62,1.39,3.39,1.36,3.19,0,3
2023-2024_Brighton_Nott'm Forest,2023-2024,28,2024-03-10,14:00,Brighton,Nott'm Forest,1,0,H,1.0,0.0,H,M Salisbury,10.0,9.0,3.0,4.0,6.0,3.0,14.0,14.0,4.0,4.0,0.0,0.0,1.8,4.0,4.0,1.62,2.25,1.84,4.21,4.5,1.78,4.04,4.25,1.68,2.38,1.62,2.32,3,0
2023-2024_West Ham_Burnley,2023-2024,28,2024-03-10,14:00,West Ham,Burnley,2,2,D,0.0,2.0,A,D England,22.0,11.0,4.0,4.0,4.0,4.0,11.0,18.0,2.0,4.0,0.0,0.0,1.67,4.0,4.75,1.7,2.1,1.71,4.26,5.2,1.67,4.08,4.97,1.79,2.2,1.72,2.15,1,1
2023-2024_Liverpool_Man City,2023-2024,28,2024-03-10,15:45,Liverpool,Man City,1,1,D,0.0,1.0,A,M Oliver,19.0,10.0,6.0,6.0,7.0,4.0,6.0,10.0,0.0,3.0,0.0,0.0,3.0,3.75,2.2,1.5,2.5,3.15,4.0,2.34,2.95,3.83,2.25,1.54,2.75,1.5,2.59,1,1
2023-2024_Chelsea_Newcastle,2023-2024,28,2024-03-11,20:00,Chelsea,Newcastle,3,2,H,1.0,1.0,D,J Brooks,12.0,11.0,8.0,3.0,0.0,4.0,12.0,7.0,3.0,1.0,0.0,0.0,1.91,4.0,3.6,1.44,2.7,1.98,4.26,3.7,1.94,4.08,3.54,1.49,2.82,1.46,2.71,3,0
2023-2024_Bournemouth_Luton,2023-2024,28,2024-03-13,19:30,Bournemouth,Luton,4,3,H,0.0,3.0,A,S Allison,24.0,8.0,10.0,4.0,11.0,3.0,16.0,11.0,1.0,2.0,0.0,0.0,1.5,4.75,5.75,1.44,2.7,1.55,4.98,6.4,1.5,4.77,6.0,1.49,2.82,1.47,2.71,3,0
2023-2024_Burnley_Brentford,2023-2024,29,2024-03-16,15:00,Burnley,Brentford,2,1,H,1.0,0.0,H,D Bond,17.0,9.0,6.0,5.0,5.0,4.0,14.0,17.0,2.0,4.0,0.0,1.0,3.25,3.6,2.15,1.75,2.05,3.41,3.8,2.21,3.27,3.66,2.16,1.8,2.17,1.75,2.1,3,0
2023-2024_Luton_Nott'm Forest,2023-2024,29,2024-03-16,15:00,Luton,Nott'm Forest,1,1,D,0.0,1.0,A,D England,10.0,16.0,4.0,6.0,6.0,7.0,10.0,17.0,1.0,2.0,0.0,0.0,2.8,3.5,2.45,1.67,2.15,2.95,3.8,2.47,2.81,3.63,2.42,1.73,2.31,1.68,2.22,1,1
2023-2024_Fulham_Tottenham,2023-2024,29,2024-03-16,17:30,Fulham,Tottenham,3,0,H,1.0,0.0,H,R Jones,16.0,14.0,7.0,5.0,4.0,5.0,9.0,10.0,2.0,3.0,0.0,0.0,3.5,3.8,1.95,1.48,2.6,3.54,4.16,2.08,3.4,3.93,2.01,1.52,2.72,1.49,2.62,3,0
2023-2024_West Ham_Aston Villa,2023-2024,29,2024-03-17,14:00,West Ham,Aston Villa,1,1,D,1.0,0.0,H,J Gillett,13.0,13.0,5.0,5.0,7.0,11.0,13.0,12.0,3.0,3.0,0.0,0.0,2.63,3.75,2.45,1.57,2.35,2.75,3.92,2.58,2.65,3.73,2.51,1.63,2.55,1.56,2.44,1,1
2023-2024_Newcastle_West Ham,2023-2024,30,2024-03-30,12:30,Newcastle,West Ham,4,3,H,1.0,2.0,A,R Jones,24.0,10.0,9.0,4.0,3.0,4.0,9.0,8.0,1.0,1.0,1.0,0.0,1.83,4.2,3.8,1.5,2.5,1.9,4.33,4.11,1.84,4.16,3.87,1.53,2.69,1.51,2.59,3,0
2023-2024_Bournemouth_Everton,2023-2024,30,2024-03-30,15:00,Bournemouth,Everton,2,1,H,0.0,0.0,D,S Barrott,11.0,7.0,4.0,3.0,9.0,8.0,14.0,11.0,1.0,2.0,0.0,0.0,2.2,3.6,3.2,1.7,2.1,2.25,3.8,3.36,2.2,3.61,3.23,1.79,2.19,1.73,2.13,3,0
2023-2024_Chelsea_Burnley,2023-2024,30,2024-03-30,15:00,Chelsea,Burnley,2,2,D,1.0,0.0,H,D England,33.0,18.0,13.0,7.0,12.0,4.0,12.0,7.0,2.0,2.0,0.0,1.0,1.29,6.0,9.5,1.48,2.6,1.34,6.3,10.5,1.3,5.96,9.44,1.51,2.75,1.48,2.67,1,1
2023-2024_Nott'm Forest_Crystal Palace,2023-2024,30,2024-03-30,15:00,Nott'm Forest,Crystal Palace,1,1,D,0.0,1.0,A,C Kavanagh,12.0,10.0,5.0,3.0,4.0,6.0,14.0,12.0,1.0,1.0,0.0,0.0,2.2,3.3,3.4,2.08,1.73,2.32,3.5,3.4,2.26,3.36,3.31,2.2,1.8,2.09,1.76,1,1
2023-2024_Sheffield United_Fulham,2023-2024,30,2024-03-30,15:00,Sheffield United,Fulham,3,3,D,0.0,0.0,D,T Robinson,8.0,24.0,4.0,9.0,2.0,15.0,10.0,13.0,4.0,1.0,0.0,0.0,4.5,4.0,1.73,1.65,2.2,4.9,4.26,1.76,4.64,4.03,1.73,1.73,2.3,1.68,2.22,1,1
2023-2024_Tottenham_Luton,2023-2024,30,2024-03-30,15:00,Tottenham,Luton,2,1,H,0.0,1.0,A,J Gillett,17.0,7.0,4.0,3.0,3.0,6.0,16.0,14.0,2.0,4.0,0.0,0.0,1.2,8.0,11.0,1.25,4.0,1.26,8.1,12.5,1.22,7.47,11.31,1.27,4.23,1.25,3.94,3,0
2023-2024_Aston Villa_Wolves,2023-2024,30,2024-03-30,17:30,Aston Villa,Wolves,2,0,H,1.0,0.0,H,P Tierney,11.0,13.0,5.0,3.0,5.0,4.0,11.0,19.0,3.0,4.0,0.0,0.0,1.6,4.33,5.0,1.57,2.35,1.68,4.6,5.08,1.64,4.38,4.86,1.61,2.55,1.56,2.44,3,0
2023-2024_Brentford_Man United,2023-2024,30,2024-03-30,20:00,Brentford,Man United,1,1,D,0.0,0.0,D,S Hooper,31.0,11.0,5.0,5.0,14.0,4.0,7.0,14.0,2.0,2.0,0.0,0.0,3.0,3.8,2.2,1.53,2.4,3.25,3.99,2.24,3.06,3.83,2.2,1.57,2.57,1.54,2.48,1,1
2023-2024_Liverpool_Brighton,2023-2024,30,2024-03-31,14:00,Liverpool,Brighton,2,1,H,1.0,1.0,D,D Coote,30.0,9.0,8.0,3.0,8.0,4.0,20.0,6.0,5.0,3.0,0.0,0.0,1.36,5.5,7.5,1.36,3.1,1.42,6.0,7.8,1.37,5.63,7.37,1.39,3.3,1.36,3.16,3,0
2023-2024_Man City_Arsenal,2023-2024,30,2024-03-31,16:30,Man City,Arsenal,0,0,D,0.0,0.0,D,A Taylor,12.0,6.0,1.0,2.0,7.0,4.0,9.0,20.0,0.0,2.0,0.0,0.0,1.91,3.8,3.8,1.7,2.1,1.97,3.97,4.01,1.92,3.8,3.86,1.8,2.19,1.74,2.12,1,1
2023-2024_Newcastle_Everton,2023-2024,31,2024-04-02,19:30,Newcastle,Everton,1,1,D,1.0,0.0,H,T Harrington,18.0,10.0,6.0,3.0,7.0,3.0,9.0,14.0,0.0,3.0,0.0,0.0,2.0,3.75,3.5,1.67,2.2,2.05,3.95,3.7,2.01,3.82,3.55,1.72,2.32,1.67,2.24,1,1
2023-2024_Nott'm Forest_Fulham,2023-2024,31,2024-04-02,19:30,Nott'm Forest,Fulham,3,1,H,3.0,0.0,H,M Oliver,16.0,18.0,4.0,3.0,3.0,8.0,7.0,8.0,0.0,0.0,0.0,0.0,2.7,3.4,2.63,1.8,2.0,2.78,3.68,2.7,2.71,3.49,2.62,1.87,2.09,1.81,2.03,3,0
2023-2024_Bournemouth_Crystal Palace,2023-2024,31,2024-04-02,19:45,Bournemouth,Crystal Palace,1,0,H,0.0,0.0,D,G Scott,11.0,3.0,6.0,2.0,9.0,2.0,13.0,14.0,3.0,2.0,0.0,0.0,1.95,3.8,3.6,1.73,2.1,2.04,3.9,3.9,1.99,3.76,3.69,1.76,2.28,1.72,2.16,3,0
2023-2024_Burnley_Wolves,2023-2024,31,2024-04-02,19:45,Burnley,Wolves,1,1,D,1.0,1.0,D,T Bramall,13.0,8.0,6.0,2.0,7.0,4.0,10.0,12.0,0.0,2.0,0.0,0.0,2.45,3.6,2.75,1.84,2.06,2.63,3.68,2.86,2.53,3.49,2.8,1.87,2.11,1.81,2.03,1,1
2023-2024_West Ham_Tottenham,2023-2024,31,2024-04-02,20:15,West Ham,Tottenham,1,1,D,1.0,1.0,D,J Brooks,11.0,13.0,4.0,4.0,9.0,5.0,13.0,9.0,1.0,4.0,0.0,0.0,3.3,4.2,1.95,1.33,3.4,3.5,4.37,2.05,3.3,4.16,2.01,1.36,3.45,1.35,3.26,1,1
2023-2024_Arsenal_Luton,2023-2024,31,2024-04-03,19:30,Arsenal,Luton,2,0,H,2.0,0.0,H,C Pawson,13.0,5.0,4.0,1.0,3.0,1.0,12.0,8.0,1.0,1.0,0.0,0.0,1.1,10.0,19.0,1.25,4.0,1.12,13.0,32.0,1.1,11.25,22.73,1.29,4.0,1.26,3.86,3,0
2023-2024_Brentford_Brighton,2023-2024,31,2024-04-03,19:30,Brentford,Brighton,0,0,D,0.0,0.0,D,A Madley,5.0,24.0,2.0,6.0,1.0,5.0,9.0,12.0,1.0,1.0,0.0,0.0,2.38,3.8,2.75,1.57,2.38,2.48,3.94,2.88,2.39,3.79,2.78,1.61,2.5,1.56,2.44,1,1
2023-2024_Man City_Aston Villa,2023-2024,31,2024-04-03,20:15,Man City,Aston Villa,4,1,H,2.0,1.0,H,D England,25.0,8.0,11.0,3.0,2.0,3.0,6.0,13.0,1.0,2.0,0.0,0.0,1.3,6.0,8.0,1.4,3.0,1.34,6.5,10.0,1.3,6.08,9.06,1.45,3.0,1.41,2.95,3,0
2023-2024_Liverpool_Sheffield United,2023-2024,31,2024-04-04,19:30,Liverpool,Sheffield United,3,1,H,1.0,0.0,H,S Attwell,29.0,8.0,9.0,3.0,13.0,1.0,6.0,9.0,0.0,1.0,0.0,0.0,1.09,12.0,21.0,1.2,4.5,1.1,15.0,36.0,1.08,12.59,25.43,1.22,4.85,1.2,4.54,3,0
2023-2024_Chelsea_Man United,2023-2024,31,2024-04-04,20:15,Chelsea,Man United,4,3,H,2.0,2.0,D,J Gillett,28.0,19.0,10.0,5.0,12.0,3.0,7.0,15.0,3.0,0.0,0.0,0.0,2.0,4.0,3.4,1.4,3.0,2.08,4.26,3.55,2.02,4.05,3.31,1.43,3.07,1.41,2.92,3,0
2023-2024_Crystal Palace_Man City,2023-2024,32,2024-04-06,12:30,Crystal Palace,Man City,2,4,A,1.0,1.0,D,P Tierney,7.0,18.0,4.0,8.0,2.0,9.0,13.0,3.0,1.0,1.0,0.0,0.0,9.5,5.25,1.33,1.67,2.2,11.0,5.9,1.34,10.3,5.59,1.31,1.72,2.36,1.66,2.25,0,3
2023-2024_Aston Villa_Brentford,2023-2024,32,2024-04-06,15:00,Aston Villa,Brentford,3,3,D,1.0,0.0,H,M Salisbury,11.0,8.0,3.0,3.0,11.0,3.0,15.0,11.0,2.0,2.0,0.0,0.0,1.7,4.0,4.75,1.53,2.5,1.76,4.4,5.0,1.7,4.2,4.68,1.55,2.63,1.52,2.56,1,1
2023-2024_Everton_Burnley,2023-2024,32,2024-04-06,15:00,Everton,Burnley,1,0,H,1.0,0.0,H,M Oliver,12.0,6.0,3.0,1.0,3.0,5.0,11.0,13.0,2.0,1.0,0.0,1.0,1.65,4.0,5.25,1.8,2.0,1.71,4.3,5.25,1.67,4.07,5.04,1.86,2.14,1.78,2.06,3,0
2023-2024_Fulham_Newcastle,2023-2024,32,2024-04-06,15:00,Fulham,Newcastle,0,1,A,0.0,0.0,D,S Allison,14.0,12.0,4.0,5.0,14.0,3.0,10.0,13.0,1.0,2.0,0.0,0.0,2.38,3.8,2.8,1.5,2.63,2.41,4.05,3.0,2.37,3.82,2.81,1.51,2.79,1.48,2.65,0,3
2023-2024_Luton_Bournemouth,2023-2024,32,2024-04-06,15:00,Luton,Bournemouth,2,1,H,0.0,0.0,D,A Madley,19.0,8.0,9.0,1.0,7.0,2.0,7.0,14.0,0.0,0.0,0.0,0.0,3.75,3.8,1.91,1.5,2.63,4.0,4.21,1.96,3.68,4.04,1.91,1.53,2.7,1.49,2.62,3,0
2023-2024_Wolves_West Ham,2023-2024,32,2024-04-06,15:00,Wolves,West Ham,1,2,A,1.0,0.0,H,T Harrington,14.0,11.0,7.0,4.0,4.0,4.0,15.0,7.0,5.0,2.0,0.0,0.0,2.5,3.6,2.7,1.8,2.0,2.58,3.72,2.82,2.51,3.58,2.75,1.84,2.15,1.77,2.08,0,3
2023-2024_Brighton_Arsenal,2023-2024,32,2024-04-06,17:30,Brighton,Arsenal,0,3,A,0.0,1.0,A,J Brooks,10.0,20.0,2.0,7.0,8.0,7.0,14.0,13.0,1.0,2.0,0.0,0.0,5.0,4.33,1.62,1.62,2.3,5.5,4.45,1.69,5.15,4.25,1.64,1.67,2.4,1.63,2.32,0,3
2023-2024_Man United_Liverpool,2023-2024,32,2024-04-07,15:30,Man United,Liverpool,2,2,D,0.0,1.0,A,A Taylor,9.0,28.0,5.0,7.0,6.0,11.0,9.0,10.0,5.0,2.0,0.0,0.0,4.75,4.5,1.6,1.33,3.4,5.0,4.9,1.68,4.69,4.65,1.63,1.36,3.45,1.34,3.25,1,1
2023-2024_Sheffield United_Chelsea,2023-2024,32,2024-04-07,17:30,Sheffield United,Chelsea,2,2,D,1.0,1.0,D,R Jones,11.0,6.0,6.0,3.0,7.0,6.0,12.0,10.0,4.0,2.0,0.0,0.0,7.0,5.25,1.4,1.4,3.0,7.5,5.5,1.46,6.88,5.28,1.41,1.43,3.07,1.4,2.95,1,1
2023-2024_Tottenham_Nott'm Forest,2023-2024,32,2024-04-07,18:00,Tottenham,Nott'm Forest,3,1,H,1.0,1.0,D,S Hooper,17.0,13.0,7.0,6.0,12.0,2.0,11.0,12.0,2.0,3.0,0.0,0.0,1.4,5.5,6.5,1.4,3.0,1.46,5.6,8.0,1.4,5.3,7.23,1.45,3.0,1.42,2.88,3,0
2023-2024_Newcastle_Tottenham,2023-2024,33,2024-04-13,12:30,Newcastle,Tottenham,4,0,H,2.0,0.0,H,T Robinson,18.0,11.0,5.0,2.0,16.0,3.0,14.0,12.0,0.0,4.0,0.0,0.0,2.7,4.0,2.3,1.36,3.2,2.9,4.26,2.38,2.75,4.02,2.34,1.38,3.39,1.36,3.18,3,0
2023-2024_Brentford_Sheffield United,2023-2024,33,2024-04-13,15:00,Brentford,Sheffield United,2,0,H,0.0,0.0,D,S Barrott,9.0,8.0,5.0,2.0,3.0,6.0,8.0,11.0,3.0,1.0,0.0,0.0,1.44,5.0,6.5,1.53,2.5,1.45,5.4,7.5,1.43,5.09,6.86,1.56,2.63,1.52,2.55,3,0
2023-2024_Burnley_Brighton,2023-2024,33,2024-04-13,15:00,Burnley,Brighton,1,1,D,0.0,0.0,D,S Hooper,11.0,20.0,3.0,8.0,4.0,5.0,18.0,8.0,1.0,2.0,0.0,0.0,3.5,3.75,2.0,1.67,2.2,3.62,3.93,2.08,3.5,3.8,2.02,1.71,2.32,1.65,2.26,1,1
2023-2024_Man City_Luton,2023-2024,33,2024-04-13,15:00,Man City,Luton,5,1,H,1.0,0.0,H,J Brooks,33.0,4.0,13.0,2.0,12.0,1.0,7.0,6.0,1.0,0.0,0.0,0.0,1.1,11.0,19.0,1.29,3.75,1.12,14.0,30.0,1.1,11.66,23.86,1.29,4.0,1.26,3.77,3,0
2023-2024_Nott'm Forest_Wolves,2023-2024,33,2024-04-13,15:00,Nott'm Forest,Wolves,2,2,D,1.0,1.0,D,C Pawson,18.0,11.0,9.0,4.0,10.0,1.0,15.0,10.0,2.0,3.0,0.0,0.0,2.1,3.4,3.5,1.86,2.04,2.25,3.74,3.53,2.16,3.55,3.37,1.89,2.07,1.83,2.0,1,1
2023-2024_Bournemouth_Man United,2023-2024,33,2024-04-13,17:30,Bournemouth,Man United,2,2,D,2.0,1.0,H,T Harrington,20.0,8.0,5.0,2.0,7.0,2.0,13.0,14.0,4.0,0.0,0.0,0.0,2.4,3.9,2.6,1.44,2.75,2.49,4.09,2.82,2.42,3.91,2.68,1.47,3.0,1.43,2.84,1,1
2023-2024_Liverpool_Crystal Palace,2023-2024,33,2024-04-14,14:00,Liverpool,Crystal Palace,0,1,A,0.0,1.0,A,C Kavanagh,21.0,8.0,6.0,5.0,11.0,1.0,10.0,10.0,1.0,1.0,0.0,0.0,1.22,7.0,12.0,1.4,3.0,1.24,8.0,15.0,1.21,7.37,13.35,1.42,3.13,1.39,3.0,0,3
2023-2024_West Ham_Fulham,2023-2024,33,2024-04-14,14:00,West Ham,Fulham,0,2,A,0.0,1.0,A,S Attwell,15.0,18.0,4.0,10.0,8.0,3.0,6.0,13.0,1.0,2.0,0.0,0.0,2.38,3.6,2.8,1.67,2.2,2.42,3.85,2.96,2.38,3.65,2.88,1.71,2.35,1.66,2.26,0,3
2023-2024_Arsenal_Aston Villa,2023-2024,33,2024-04-14,16:30,Arsenal,Aston Villa,0,2,A,0.0,0.0,D,D Coote,18.0,11.0,4.0,2.0,4.0,6.0,12.0,7.0,3.0,1.0,0.0,0.0,1.29,5.75,10.0,1.5,2.63,1.31,6.5,11.0,1.28,6.1,9.89,1.52,2.8,1.48,2.66,0,3
2023-2024_Chelsea_Everton,2023-2024,33,2024-04-15,20:00,Chelsea,Everton,6,0,H,4.0,0.0,H,P Tierney,14.0,10.0,10.0,2.0,4.0,8.0,5.0,21.0,1.0,4.0,0.0,0.0,1.7,4.2,4.5,1.53,2.5,1.76,4.42,4.9,1.71,4.2,4.53,1.57,2.63,1.54,2.48,3,0
2023-2024_Luton_Brentford,2023-2024,34,2024-04-20,15:00,Luton,Brentford,1,5,A,0.0,2.0,A,J Gillett,6.0,21.0,3.0,9.0,4.0,9.0,13.0,9.0,1.0,2.0,0.0,0.0,3.1,3.75,2.15,1.57,2.38,3.33,3.85,2.21,3.18,3.75,2.17,1.59,2.52,1.56,2.43,0,3
2023-2024_Sheffield United_Burnley,2023-2024,34,2024-04-20,15:00,Sheffield United,Burnley,1,4,A,0.0,2.0,A,A Madley,18.0,16.0,11.0,9.0,11.0,2.0,10.0,9.0,1.0,0.0,0.0,0.0,2.75,3.6,2.45,1.67,2.2,2.88,3.74,2.55,2.76,3.63,2.47,1.72,2.31,1.66,2.25,0,3
2023-2024_Wolves_Arsenal,2023-2024,34,2024-04-20,19:30,Wolves,Arsenal,0,2,A,0.0,1.0,A,P Tierney,5.0,24.0,3.0,9.0,1.0,2.0,14.0,9.0,3.0,2.0,0.0,0.0,8.5,4.5,1.4,1.62,2.3,8.5,5.3,1.44,8.05,5.05,1.39,1.68,2.39,1.62,2.32,0,3
2023-2024_Everton_Nott'm Forest,2023-2024,34,2024-04-21,13:30,Everton,Nott'm Forest,2,0,H,1.0,0.0,H,A Taylor,7.0,8.0,4.0,3.0,6.0,4.0,15.0,9.0,3.0,2.0,0.0,0.0,2.05,3.5,3.6,1.93,1.97,2.12,3.74,3.85,2.07,3.52,3.63,1.95,2.02,1.87,1.95,3,0
2023-2024_Aston Villa_Bournemouth,2023-2024,34,2024-04-21,15:00,Aston Villa,Bournemouth,3,1,H,1.0,1.0,D,T Robinson,14.0,14.0,4.0,6.0,8.0,4.0,8.0,14.0,1.0,3.0,0.0,0.0,1.85,4.0,3.6,1.44,2.75,1.92,4.31,3.95,1.87,4.11,3.76,1.47,2.9,1.44,2.77,3,0
2023-2024_Crystal Palace_West Ham,2023-2024,34,2024-04-21,15:00,Crystal Palace,West Ham,5,2,H,4.0,1.0,H,G Scott,18.0,4.0,7.0,1.0,4.0,0.0,9.0,9.0,3.0,2.0,0.0,0.0,2.1,3.6,3.4,1.8,2.0,2.22,3.72,3.5,2.15,3.59,3.34,1.87,2.08,1.79,2.04,3,0
2023-2024_Fulham_Liverpool,2023-2024,34,2024-04-21,16:30,Fulham,Liverpool,1,3,A,1.0,1.0,D,C Pawson,12.0,14.0,5.0,7.0,1.0,4.0,5.0,11.0,3.0,0.0,0.0,0.0,5.25,4.5,1.57,1.44,2.75,5.55,4.9,1.63,5.19,4.67,1.57,1.44,3.02,1.41,2.91,0,3
2023-2024_Arsenal_Chelsea,2023-2024,34,2024-04-23,20:00,Arsenal,Chelsea,5,0,H,1.0,0.0,H,S Hooper,27.0,7.0,10.0,1.0,4.0,2.0,12.0,11.0,2.0,2.0,0.0,0.0,1.44,5.0,6.0,1.53,2.5,1.52,5.2,7.5,1.45,4.93,6.78,1.57,2.65,1.53,2.53,3,0
2023-2024_Wolves_Bournemouth,2023-2024,34,2024-04-24,19:45,Wolves,Bournemouth,0,1,A,0.0,1.0,A,S Attwell,15.0,21.0,4.0,6.0,8.0,12.0,10.0,17.0,4.0,1.0,0.0,1.0,2.7,3.6,2.5,1.67,2.2,2.81,3.8,2.6,2.72,3.6,2.52,1.73,2.33,1.66,2.24,0,3
2023-2024_Crystal Palace_Newcastle,2023-2024,34,2024-04-24,20:00,Crystal Palace,Newcastle,2,0,H,0.0,0.0,D,T Bramall,20.0,7.0,7.0,2.0,7.0,2.0,10.0,15.0,3.0,3.0,0.0,0.0,2.75,3.6,2.4,1.57,2.38,2.85,3.85,2.51,2.76,3.68,2.43,1.7,2.45,1.61,2.35,3,0
2023-2024_Everton_Liverpool,2023-2024,34,2024-04-24,20:00,Everton,Liverpool,2,0,H,1.0,0.0,H,A Madley,16.0,23.0,6.0,7.0,4.0,13.0,6.0,13.0,0.0,3.0,0.0,0.0,7.0,5.0,1.4,1.53,2.5,7.7,5.33,1.47,7.11,4.98,1.42,1.55,2.74,1.51,2.56,3,0
2023-2024_Man United_Sheffield United,2023-2024,34,2024-04-24,20:00,Man United,Sheffield United,4,2,H,1.0,1.0,D,M Salisbury,25.0,10.0,13.0,4.0,9.0,4.0,7.0,9.0,0.0,1.0,0.0,0.0,1.3,6.5,7.5,1.36,3.2,1.35,6.5,9.5,1.31,6.11,8.44,1.38,3.33,1.36,3.18,3,0
2023-2024_Brighton_Man City,2023-2024,34,2024-04-25,20:00,Brighton,Man City,0,4,A,0.0,3.0,A,J Gillett,7.0,14.0,3.0,6.0,4.0,4.0,10.0,3.0,2.0,0.0,0.0,0.0,6.5,5.0,1.4,1.5,2.63,7.1,5.25,1.48,6.65,4.95,1.44,1.53,2.7,1.49,2.63,0,3
2023-2024_West Ham_Liverpool,2023-2024,35,2024-04-27,12:30,West Ham,Liverpool,2,2,D,1.0,0.0,H,A Taylor,11.0,28.0,8.0,8.0,5.0,8.0,8.0,10.0,0.0,2.0,0.0,0.0,5.5,5.0,1.5,1.36,3.2,6.0,5.18,1.58,5.63,4.89,1.51,1.42,3.27,1.37,3.1,1,1
2023-2024_Fulham_Crystal Palace,2023-2024,35,2024-04-27,15:00,Fulham,Crystal Palace,1,1,D,0.0,0.0,D,S Attwell,9.0,14.0,2.0,4.0,5.0,9.0,11.0,15.0,0.0,2.0,0.0,0.0,2.1,3.5,3.5,1.73,2.1,2.17,3.75,3.6,2.11,3.6,3.42,1.75,2.28,1.7,2.18,1,1
2023-2024_Man United_Burnley,2023-2024,35,2024-04-27,15:00,Man United,Burnley,1,1,D,0.0,0.0,D,J Brooks,27.0,16.0,10.0,7.0,6.0,5.0,7.0,11.0,1.0,3.0,0.0,0.0,1.5,4.75,5.5,1.36,3.2,1.57,5.2,5.75,1.52,4.9,5.44,1.41,3.39,1.36,3.15,1,1
2023-2024_Newcastle_Sheffield United,2023-2024,35,2024-04-27,15:00,Newcastle,Sheffield United,5,1,H,1.0,1.0,D,T Harrington,20.0,15.0,7.0,5.0,4.0,5.0,9.0,10.0,0.0,0.0,0.0,0.0,1.22,7.0,11.0,1.33,3.4,1.25,7.6,12.9,1.23,7.04,11.1,1.37,3.45,1.33,3.31,3,0
2023-2024_Wolves_Luton,2023-2024,35,2024-04-27,15:00,Wolves,Luton,2,1,H,1.0,0.0,H,D Coote,13.0,9.0,5.0,6.0,4.0,4.0,14.0,14.0,3.0,1.0,0.0,0.0,1.95,3.8,3.6,1.62,2.3,2.04,4.03,3.78,1.98,3.83,3.58,1.67,2.4,1.63,2.31,3,0
2023-2024_Everton_Brentford,2023-2024,35,2024-04-27,17:30,Everton,Brentford,1,0,H,0.0,0.0,D,D England,18.0,10.0,1.0,4.0,6.0,6.0,10.0,12.0,1.0,2.0,0.0,0.0,2.3,3.5,3.0,1.87,2.03,2.45,3.68,3.13,2.36,3.5,2.97,1.9,2.11,1.83,2.01,3,0
2023-2024_Aston Villa_Chelsea,2023-2024,35,2024-04-27,20:00,Aston Villa,Chelsea,2,2,D,2.0,0.0,H,C Pawson,9.0,21.0,4.0,5.0,2.0,4.0,13.0,14.0,3.0,5.0,0.0,0.0,2.15,3.8,3.0,1.44,2.75,2.25,4.1,3.21,2.17,3.9,3.06,1.47,2.88,1.44,2.77,1,1
2023-2024_Bournemouth_Brighton,2023-2024,35,2024-04-28,14:00,Bournemouth,Brighton,3,0,H,1.0,0.0,H,P Tierney,15.0,13.0,6.0,1.0,8.0,2.0,14.0,10.0,2.0,2.0,0.0,0.0,2.25,3.8,2.9,1.44,2.75,2.32,4.01,3.05,2.26,3.8,2.94,1.5,2.79,1.47,2.68,3,0
2023-2024_Tottenham_Arsenal,2023-2024,35,2024-04-28,14:00,Tottenham,Arsenal,2,3,A,0.0,3.0,A,M Oliver,14.0,9.0,2.0,3.0,8.0,6.0,12.0,16.0,2.0,1.0,0.0,0.0,4.2,4.2,1.75,1.5,2.63,4.3,4.27,1.86,4.12,4.07,1.8,1.52,2.72,1.48,2.63,0,3
2023-2024_Nott'm Forest_Man City,2023-2024,35,2024-04-28,16:30,Nott'm Forest,Man City,0,2,A,0.0,1.0,A,S Hooper,14.0,11.0,2.0,5.0,4.0,5.0,8.0,6.0,0.0,0.0,0.0,0.0,8.0,6.0,1.3,1.53,2.5,11.0,6.0,1.38,9.5,5.72,1.31,1.57,2.57,1.53,2.5,0,3
2023-2024_Chelsea_Tottenham,2023-2024,35,2024-05-02,19:30,Chelsea,Tottenham,2,0,H,1.0,0.0,H,R Jones,16.0,19.0,5.0,3.0,4.0,9.0,12.0,16.0,0.0,1.0,0.0,0.0,2.15,3.8,3.0,1.3,3.5,2.25,4.36,3.05,2.2,4.05,2.91,1.33,3.67,1.31,3.44,3,0
2023-2024_Luton_Everton,2023-2024,36,2024-05-03,20:00,Luton,Everton,1,1,D,1.0,1.0,D,T Robinson,18.0,10.0,5.0,3.0,8.0,7.0,14.0,12.0,1.0,3.0,0.0,0.0,2.6,3.6,2.55,1.73,2.1,2.74,3.75,2.7,2.66,3.58,2.62,1.79,2.2,1.74,2.12,1,1
2023-2024_Arsenal_Bournemouth,2023-2024,36,2024-05-04,12:30,Arsenal,Bournemouth,3,0,H,1.0,0.0,H,D Coote,25.0,7.0,9.0,2.0,6.0,1.0,16.0,12.0,2.0,3.0,0.0,0.0,1.22,7.5,11.0,1.33,3.4,1.23,8.2,14.0,1.2,7.59,12.74,1.38,3.4,1.34,3.23,3,0
2023-2024_Brentford_Fulham,2023-2024,36,2024-05-04,15:00,Brentford,Fulham,0,0,D,0.0,0.0,D,G Scott,7.0,15.0,3.0,3.0,7.0,6.0,3.0,6.0,1.0,1.0,0.0,0.0,2.1,3.8,3.2,1.57,2.38,2.17,3.95,3.34,2.12,3.8,3.25,1.65,2.45,1.59,2.38,1,1
2023-2024_Burnley_Newcastle,2023-2024,36,2024-05-04,15:00,Burnley,Newcastle,1,4,A,0.0,3.0,A,A Taylor,17.0,23.0,5.0,11.0,4.0,11.0,8.0,8.0,2.0,2.0,0.0,0.0,3.4,4.0,1.95,1.5,2.63,3.5,4.16,2.07,3.38,3.98,2.02,1.51,2.75,1.48,2.64,0,3
2023-2024_Sheffield United_Nott'm Forest,2023-2024,36,2024-05-04,15:00,Sheffield United,Nott'm Forest,1,3,A,1.0,1.0,D,C Kavanagh,17.0,15.0,5.0,4.0,5.0,3.0,9.0,7.0,0.0,1.0,1.0,0.0,4.75,4.2,1.65,1.57,2.38,5.1,4.4,1.74,4.68,4.25,1.69,1.63,2.5,1.57,2.43,0,3
2023-2024_Man City_Wolves,2023-2024,36,2024-05-04,17:30,Man City,Wolves,5,1,H,3.0,0.0,H,C Pawson,20.0,2.0,12.0,1.0,6.0,0.0,4.0,17.0,0.0,4.0,0.0,0.0,1.08,12.0,21.0,1.3,3.5,1.12,14.0,32.0,1.09,11.51,25.33,1.32,3.73,1.3,3.52,3,0
2023-2024_Brighton_Aston Villa,2023-2024,36,2024-05-05,14:00,Brighton,Aston Villa,1,0,H,0.0,0.0,D,R Jones,15.0,2.0,8.0,1.0,7.0,3.0,13.0,10.0,2.0,1.0,0.0,0.0,2.75,3.75,2.45,1.5,2.63,2.78,4.03,2.51,2.72,3.77,2.43,1.52,2.72,1.48,2.63,3,0
2023-2024_Chelsea_West Ham,2023-2024,36,2024-05-05,14:00,Chelsea,West Ham,5,0,H,3.0,0.0,H,A Madley,25.0,13.0,14.0,2.0,8.0,6.0,12.0,10.0,1.0,3.0,0.0,0.0,1.65,4.5,4.5,1.4,3.0,1.7,4.75,5.0,1.65,4.55,4.58,1.43,3.07,1.4,2.93,3,0
2023-2024_Liverpool_Tottenham,2023-2024,36,2024-05-05,16:30,Liverpool,Tottenham,4,2,H,2.0,0.0,H,P Tierney,25.0,11.0,13.0,6.0,8.0,3.0,14.0,12.0,1.0,4.0,0.0,0.0,1.5,5.75,5.0,1.25,4.0,1.54,5.75,6.0,1.48,5.26,5.61,1.29,4.0,1.26,3.82,3,0
2023-2024_Crystal Palace_Man United,2023-2024,36,2024-05-06,20:00,Crystal Palace,Man United,4,0,H,2.0,0.0,H,J Gillett ,18.0,7.0,10.0,2.0,6.0,3.0,12.0,8.0,1.0,1.0,0.0,0.0,2.38,3.75,2.8,1.53,2.5,2.42,3.99,2.89,2.38,3.76,2.79,1.57,2.57,1.53,2.48,3,0
2023-2024_Fulham_Man City,2023-2024,37,2024-05-11,12:30,Fulham,Man City,0,4,A,0.0,1.0,A,A Taylor,1.0,16.0,1.0,9.0,1.0,7.0,9.0,6.0,1.0,0.0,1.0,0.0,13.0,7.0,1.2,1.36,3.2,14.0,7.5,1.26,12.3,7.05,1.22,1.38,3.3,1.34,3.18,0,3
2023-2024_Bournemouth_Brentford,2023-2024,37,2024-05-11,15:00,Bournemouth,Brentford,1,2,A,0.0,0.0,D,M Donohue,13.0,11.0,4.0,5.0,3.0,8.0,16.0,12.0,2.0,2.0,0.0,0.0,1.95,4.0,3.5,1.44,2.75,2.02,4.21,3.7,1.98,3.99,3.5,1.49,2.82,1.46,2.71,0,3
2023-2024_Everton_Sheffield United,2023-2024,37,2024-05-11,15:00,Everton,Sheffield United,1,0,H,1.0,0.0,H,S Attwell,15.0,13.0,6.0,1.0,3.0,6.0,6.0,11.0,1.0,2.0,0.0,0.0,1.4,4.8,7.5,1.53,2.5,1.44,5.5,8.0,1.4,5.13,7.46,1.57,2.57,1.54,2.48,3,0
2023-2024_Newcastle_Brighton,2023-2024,37,2024-05-11,15:00,Newcastle,Brighton,1,1,D,1.0,1.0,D,D England,18.0,15.0,7.0,4.0,8.0,4.0,9.0,16.0,3.0,4.0,0.0,0.0,1.57,4.75,4.75,1.33,3.4,1.63,5.0,5.0,1.59,4.81,4.84,1.35,3.52,1.33,3.32,1,1
2023-2024_Tottenham_Burnley,2023-2024,37,2024-05-11,15:00,Tottenham,Burnley,2,1,H,1.0,1.0,D,J Gillett,21.0,7.0,9.0,3.0,9.0,3.0,10.0,14.0,3.0,5.0,0.0,0.0,1.36,5.75,7.0,1.25,4.0,1.39,6.3,7.9,1.35,6.01,7.33,1.26,4.3,1.24,4.05,3,0
2023-2024_West Ham_Luton,2023-2024,37,2024-05-11,15:00,West Ham,Luton,3,1,H,0.0,1.0,A,M Oliver,24.0,4.0,8.0,1.0,7.0,6.0,9.0,15.0,1.0,3.0,0.0,0.0,1.8,4.2,3.8,1.44,2.75,1.86,4.6,4.04,1.82,4.33,3.83,1.45,2.98,1.42,2.84,3,0
2023-2024_Wolves_Crystal Palace,2023-2024,37,2024-05-11,15:00,Wolves,Crystal Palace,1,3,A,0.0,2.0,A,T Bramall,13.0,13.0,7.0,3.0,8.0,3.0,13.0,12.0,3.0,2.0,0.0,1.0,2.88,3.5,2.38,1.8,2.0,3.0,3.6,2.54,2.86,3.51,2.47,1.86,2.1,1.79,2.04,0,3
2023-2024_Nott'm Forest_Chelsea,2023-2024,37,2024-05-11,17:30,Nott'm Forest,Chelsea,2,3,A,1.0,1.0,D,T Harrington,20.0,12.0,4.0,5.0,5.0,6.0,14.0,8.0,2.0,3.0,0.0,0.0,3.4,3.8,2.0,1.5,2.63,3.6,4.21,2.08,3.39,3.94,2.03,1.51,2.75,1.48,2.64,0,3
2023-2024_Man United_Arsenal,2023-2024,37,2024-05-12,16:30,Man United,Arsenal,0,1,A,0.0,1.0,A,P Tierney,14.0,11.0,2.0,5.0,4.0,7.0,5.0,6.0,0.0,2.0,0.0,0.0,7.0,5.5,1.36,1.36,3.2,7.5,5.8,1.43,7.08,5.5,1.39,1.4,3.22,1.37,3.09,0,3
2023-2024_Aston Villa_Liverpool,2023-2024,37,2024-05-13,20:00,Aston Villa,Liverpool,3,3,D,1.0,2.0,A,S Hooper,19.0,14.0,5.0,7.0,5.0,4.0,11.0,15.0,1.0,1.0,0.0,0.0,4.2,4.33,1.7,1.33,3.4,4.4,4.75,1.77,4.15,4.55,1.71,1.37,3.4,1.33,3.28,1,1
2023-2024_Tottenham_Man City,2023-2024,37,2024-05-14,20:00,Tottenham,Man City,0,2,A,0.0,0.0,D,C Kavanagh,10.0,8.0,5.0,5.0,7.0,4.0,14.0,11.0,3.0,3.0,0.0,0.0,6.5,6.0,1.36,1.25,4.0,7.5,6.5,1.41,6.94,5.91,1.38,1.3,4.0,1.27,3.79,0,3
2023-2024_Brighton_Chelsea,2023-2024,37,2024-05-15,19:45,Brighton,Chelsea,1,2,A,0.0,1.0,A,M Salisbury,12.0,13.0,2.0,6.0,4.0,6.0,13.0,14.0,2.0,2.0,0.0,1.0,3.3,4.0,1.95,1.4,3.0,3.52,4.21,2.05,3.37,3.99,2.02,1.42,3.12,1.4,2.98,0,3
2023-2024_Man United_Newcastle,2023-2024,37,2024-05-15,20:00,Man United,Newcastle,3,2,H,1.0,0.0,H,R Jones,17.0,21.0,8.0,8.0,9.0,9.0,16.0,7.0,3.0,3.0,0.0,0.0,2.75,4.0,2.3,1.33,3.4,2.85,4.26,2.4,2.73,4.04,2.34,1.36,3.52,1.33,3.33,3,0
2023-2024_Arsenal_Everton,2023-2024,38,2024-05-19,16:00,Arsenal,Everton,2,1,H,1.0,1.0,D,M Oliver,26.0,5.0,5.0,2.0,8.0,1.0,8.0,11.0,4.0,3.0,0.0,0.0,1.18,8.0,12.0,1.36,3.2,1.19,8.9,17.0,1.17,8.04,15.37,1.41,3.2,1.38,3.04,3,0
2023-2024_Brentford_Newcastle,2023-2024,38,2024-05-19,16:00,Brentford,Newcastle,2,4,A,0.0,3.0,A,S Hooper,10.0,12.0,5.0,7.0,3.0,0.0,15.0,11.0,4.0,4.0,0.0,0.0,2.9,3.9,2.2,1.36,3.2,3.04,4.2,2.28,2.94,3.96,2.22,1.41,3.22,1.38,3.04,0,3
2023-2024_Brighton_Man United,2023-2024,38,2024-05-19,16:00,Brighton,Man United,0,2,A,0.0,0.0,D,C Pawson,17.0,11.0,3.0,4.0,7.0,5.0,10.0,9.0,1.0,3.0,0.0,0.0,2.15,4.0,2.9,1.33,3.4,2.24,4.37,3.0,2.17,4.11,2.95,1.35,3.52,1.32,3.38,0,3
2023-2024_Burnley_Nott'm Forest,2023-2024,38,2024-05-19,16:00,Burnley,Nott'm Forest,1,2,A,0.0,2.0,A,G Scott,20.0,12.0,3.0,6.0,4.0,3.0,11.0,5.0,1.0,0.0,0.0,0.0,3.0,3.5,2.3,1.53,2.5,3.0,3.9,2.37,2.9,3.74,2.32,1.54,2.66,1.51,2.55,0,3
2023-2024_Chelsea_Bournemouth,2023-2024,38,2024-05-19,16:00,Chelsea,Bournemouth,2,1,H,1.0,0.0,H,A Taylor,16.0,22.0,6.0,5.0,6.0,5.0,5.0,9.0,2.0,3.0,0.0,0.0,1.45,5.0,6.0,1.29,3.75,1.49,5.75,6.5,1.45,5.32,5.99,1.3,3.92,1.27,3.71,3,0
2023-2024_Crystal Palace_Aston Villa,2023-2024,38,2024-05-19,16:00,Crystal Palace,Aston Villa,5,0,H,2.0,0.0,H,D Bond,15.0,8.0,9.0,2.0,2.0,4.0,10.0,8.0,1.0,4.0,0.0,0.0,1.85,4.33,3.6,1.4,3.0,1.93,4.5,3.84,1.87,4.28,3.67,1.42,3.12,1.39,2.96,3,0
2023-2024_Liverpool_Wolves,2023-2024,38,2024-05-19,16:00,Liverpool,Wolves,2,0,H,2.0,0.0,H,C Kavanagh,36.0,4.0,14.0,3.0,10.0,2.0,14.0,11.0,1.0,1.0,0.0,1.0,1.17,8.0,15.0,1.22,4.33,1.18,10.0,17.0,1.16,8.71,14.55,1.24,4.55,1.22,4.23,3,0
2023-2024_Luton_Fulham,2023-2024,38,2024-05-19,16:00,Luton,Fulham,2,4,A,1.0,2.0,A,M Donohue,15.0,15.0,6.0,7.0,4.0,4.0,15.0,20.0,5.0,4.0,0.0,0.0,2.9,3.9,2.2,1.44,2.75,3.0,4.35,2.3,2.92,3.95,2.23,1.48,2.86,1.44,2.76,0,3
2023-2024_Man City_West Ham,2023-2024,38,2024-05-19,16:00,Man City,West Ham,3,1,H,2.0,1.0,H,J Brooks,28.0,3.0,12.0,2.0,11.0,2.0,3.0,12.0,0.0,1.0,0.0,0.0,1.08,12.0,21.0,1.2,4.5,1.11,14.0,25.0,1.1,11.72,21.81,1.22,4.85,1.2,4.45,3,0
2023-2024_Sheffield United_Tottenham,2023-2024,38,2024-05-19,16:00,Sheffield United,Tottenham,0,3,A,0.0,1.0,A,A Madley,6.0,18.0,1.0,9.0,2.0,6.0,11.0,9.0,2.0,0.0,0.0,0.0,7.0,6.0,1.33,1.22,4.33,7.9,6.34,1.39,7.32,6.04,1.35,1.26,4.4,1.22,4.14,0,3
